Log started at 08/13/2026 16:47:47 (2026-08-13T08:47:47Z)
Resolved project argument C:\Users\Administrator\Desktop\Plughins\PBRTextureLabHost\PBRTextureLabHost.uproject to C:\Users\Administrator\Desktop\Plughins\PBRTextureLabHost\PBRTextureLabHost.uproject
No config file at C:\ProgramData\Unreal Engine\UnrealBuildTool\BuildConfiguration.xml
No config file at C:\Users\Administrator\AppData\Local\Unreal Engine\UnrealBuildTool\BuildConfiguration.xml
No config file at C:\Users\Administrator\Documents\Unreal Engine\UnrealBuildTool\BuildConfiguration.xml
Configuration will be read from:
  C:\Users\Administrator\AppData\Roaming\Unreal Engine\UnrealBuildTool\BuildConfiguration.xml
Reading configuration file from: C:\Users\Administrator\AppData\Roaming\Unreal Engine\UnrealBuildTool\BuildConfiguration.xml
Reading configuration file from: C:\Users\Administrator\Desktop\Plughins\PBRTextureLabHost\Saved\UnrealBuildTool\BuildConfiguration.xml
Reading configuration file from: C:\Users\Administrator\AppData\Local\UnrealEngine\Intermediate\Build\UnrealBuildTool.Env.BuildConfiguration.xml
Setting temp directory to 'C:\Users\Administrator\AppData\Local\Temp\UnrealBuildTool\12c8af0c'
    Registering build platform: UnrealBuildTool.AndroidPlatformFactory
    Registering build platform: UnrealBuildTool.IOSPlatformFactory
    Registering build platform: UnrealBuildTool.LinuxPlatformFactory
    Registering build platform: UnrealBuildTool.MacPlatformFactory
    Registering build platform: UnrealBuildTool.TVOSPlatformFactory
    Registering build platform: UnrealBuildTool.WindowsPlatformFactory
Found Windows 10 SDK root at C:\Program Files\Windows Kits\10 (1)
Found Windows 10 SDK root at C:\Program Files (x86)\Windows Kits\10 (2)
Found Windows 10 SDK version 10.0.22621.0 at C:\Program Files (x86)\Windows Kits\10
Found Universal CRT version 10.0.22621.0 at C:\Program Files (x86)\Windows Kits\10
Found Windows 10 SDK version 10.0.26100.0 at C:\Program Files (x86)\Windows Kits\10
Found Universal CRT version 10.0.26100.0 at C:\Program Files (x86)\Windows Kits\10
Win64 Installed SDK(s): MinVersion_Sdk=10.0.19041.0, MaxVersion_Sdk=10.9.99999.0, CurrentVersion_Sdk=10.0.22621.0, Version_AutoSdk=10.0.22621.0, CurrentVersion_AutoSdk=
        Registering build platform: Win64 - buildable: True
    Registering build platform: UnrealBuildTool.VisionOSPlatformFactory
Command line: "C:\Program Files\Epic Games\UE_5.6\Engine\Binaries\DotNET\UnrealBuildTool\UnrealBuildTool.dll" PBRTextureLabHostEditor Win64 Development -Project=C:\Users\Administrator\Desktop\Plughins\PBRTextureLabHost\PBRTextureLabHost.uproject -WaitMutex
Log file: C:\Users\Administrator\AppData\Local\UnrealBuildTool\Log.txt
Deleting old log file: C:\Users\Administrator\AppData\Local\UnrealBuildTool\Log-backup-2026.08.13-07.48.55.txt

Using 'git status' to determine working set for adaptive non-unity build (C:\Users\Administrator\Desktop\Plughins).
Creating makefile for PBRTextureLabHostEditor (no existing makefile)
Skipping C:\Program Files\Epic Games\UE_5.6\Engine\Intermediate\Build\BuildRules\UE5Rules.dll: File is installed
Skipping C:\Program Files\Epic Games\UE_5.6\Engine\Intermediate\Build\BuildRules\UE5ProgramRules.dll: File is installed
Compiling C:\Users\Administrator\AppData\Local\UnrealEngine\Intermediate\Build\BuildRules\MarketplaceRules.dll: Engine Version changed from 5.8.0 to 5.6.1
Compiling C:\Users\Administrator\Desktop\Plughins\PBRTextureLabHost\Intermediate\Build\BuildRules\PBRTextureLabHostModuleRules.dll: Assembly does not exist
Found VisualStudio2022 installation: C:\Program Files\Microsoft Visual Studio\2022\Community (Product=Microsoft.VisualStudio.Product.Community, Version=17.14.37411.7)
Found Visual Studio toolchain: C:\Program Files\Microsoft Visual Studio\2022\Community\VC\Tools\MSVC\14.44.35207 (Family=14.44.35207, FamilyRank=1, Version=14.44.35228, HostArchitecture=x64, ReleaseChannel=Latest, Architecture=x64, Error=False, Redist=C:\Program Files\Microsoft Visual Studio\2022\Community\VC\Redist\MSVC\14.44.35112)
Available x64 toolchains (1):
 * C:\Program Files\Microsoft Visual Studio\2022\Community\VC\Tools\MSVC\14.44.35207
    (Family=14.44.35207, FamilyRank=1, Version=14.44.35228, HostArchitecture=x64, ReleaseChannel=Latest, Architecture=x64)
Visual Studio 2022 compiler version 14.44.35228 is not a preferred version. Please use the latest preferred version 14.38.33130
Building UnrealEditor - PBRTextureLabHostEditor - Win64 - Development
Allowed circular dependency for 'Source\Runtime\AIModule\AIModule.Build.cs' detected:
* AIModule -> AITestSuite -> AIModule (allowed via AIModule -> AITestSuite)
* AIModule -> Engine -> Kismet -> BlueprintEditorLibrary -> BlueprintGraph -> AssetTools -> Landscape -> MeshBuilder -> MeshBoneReduction -> AnimationBlueprintLibrary -> AnimGraph -> GraphEditor -> Persona -> AudioEditor -> DetailCustomizations -> ComponentVisualizers -> AIModule (allowed via Engine -> Kismet, AssetTools -> Landscape, AnimGraph -> GraphEditor, GraphEditor -> Persona, AudioEditor -> DetailCustomizations)
* AIModule -> GameplayDebuggerEditor -> PropertyEditor -> CQTest -> LevelEditor -> SubobjectEditor -> Kismet -> BlueprintEditorLibrary -> BlueprintGraph -> AssetTools -> Landscape -> MeshBuilder -> MeshBoneReduction -> AnimationBlueprintLibrary -> AnimGraph -> GraphEditor -> Persona -> AudioEditor -> DetailCustomizations -> ComponentVisualizers -> AIModule (allowed via Kismet -> SubobjectEditor, AssetTools -> Landscape, AnimGraph -> GraphEditor, GraphEditor -> Persona, AudioEditor -> DetailCustomizations)
* AIModule -> UnrealEd -> UniversalObjectLocatorEditor -> Sequencer -> MovieSceneCaptureDialog -> MovieSceneTools -> KismetCompiler -> Kismet -> BlueprintEditorLibrary -> BlueprintGraph -> AssetTools -> Landscape -> MeshBuilder -> MeshBoneReduction -> AnimationBlueprintLibrary -> AnimGraph -> GraphEditor -> Persona -> AudioEditor -> DetailCustomizations -> ComponentVisualizers -> AIModule (allowed via UnrealEd -> UniversalObjectLocatorEditor, Sequencer -> UniversalObjectLocatorEditor, Kismet -> KismetCompiler, AssetTools -> Landscape, AnimGraph -> GraphEditor, GraphEditor -> Persona, AudioEditor -> DetailCustomizations)
* AIModule -> GameplayDebugger -> DrawPrimitiveDebugger -> Renderer -> MaterialShaderQualitySettings -> PropertyEditor -> CQTest -> LevelEditor -> SubobjectEditor -> Kismet -> BlueprintEditorLibrary -> BlueprintGraph -> AssetTools -> Landscape -> MeshBuilder -> MeshBoneReduction -> AnimationBlueprintLibrary -> AnimGraph -> GraphEditor -> Persona -> AudioEditor -> DetailCustomizations -> ComponentVisualizers -> AIModule (allowed via Kismet -> SubobjectEditor, AssetTools -> Landscape, AnimGraph -> GraphEditor, GraphEditor -> Persona, AudioEditor -> DetailCustomizations)
* AIModule -> NavigationSystem -> GeometryCollectionEngine -> Renderer -> MaterialShaderQualitySettings -> PropertyEditor -> CQTest -> LevelEditor -> SubobjectEditor -> Kismet -> BlueprintEditorLibrary -> BlueprintGraph -> AssetTools -> Landscape -> MeshBuilder -> MeshBoneReduction -> AnimationBlueprintLibrary -> AnimGraph -> GraphEditor -> Persona -> AudioEditor -> DetailCustomizations -> ComponentVisualizers -> AIModule (allowed via Kismet -> SubobjectEditor, AssetTools -> Landscape, AnimGraph -> GraphEditor, GraphEditor -> Persona, AudioEditor -> DetailCustomizations)
Allowed circular dependency for 'Source\Developer\AITestSuite\AITestSuite.Build.cs' detected:
* AITestSuite -> AIModule -> AITestSuite (allowed via AIModule -> AITestSuite)
Allowed circular dependency for 'Source\Runtime\AVEncoder\AVEncoder.Build.cs' detected:
* AVEncoder -> Engine -> Kismet -> BlueprintEditorLibrary -> BlueprintGraph -> AssetTools -> Landscape -> MeshBuilder -> MeshBoneReduction -> AnimationBlueprintLibrary -> AnimGraph -> GraphEditor -> Persona -> AudioEditor -> DetailCustomizations -> ComponentVisualizers -> AIModule -> UnrealEd -> GameplayMediaEncoder -> AVEncoder (allowed via Engine -> Kismet, AssetTools -> Landscape, AnimGraph -> GraphEditor, GraphEditor -> Persona, AudioEditor -> DetailCustomizations)
* AVEncoder -> D3D11RHI -> HeadMountedDisplay -> Renderer -> MaterialShaderQualitySettings -> PropertyEditor -> CQTest -> LevelEditor -> SubobjectEditor -> Kismet -> BlueprintEditorLibrary -> BlueprintGraph -> AssetTools -> Landscape -> MeshBuilder -> MeshBoneReduction -> AnimationBlueprintLibrary -> AnimGraph -> GraphEditor -> Persona -> AudioEditor -> DetailCustomizations -> ComponentVisualizers -> AIModule -> UnrealEd -> GameplayMediaEncoder -> AVEncoder (allowed via Kismet -> SubobjectEditor, AssetTools -> Landscape, AnimGraph -> GraphEditor, GraphEditor -> Persona, AudioEditor -> DetailCustomizations)
* AVEncoder -> D3D12RHI -> HeadMountedDisplay -> Renderer -> MaterialShaderQualitySettings -> PropertyEditor -> CQTest -> LevelEditor -> SubobjectEditor -> Kismet -> BlueprintEditorLibrary -> BlueprintGraph -> AssetTools -> Landscape -> MeshBuilder -> MeshBoneReduction -> AnimationBlueprintLibrary -> AnimGraph -> GraphEditor -> Persona -> AudioEditor -> DetailCustomizations -> ComponentVisualizers -> AIModule -> UnrealEd -> GameplayMediaEncoder -> AVEncoder (allowed via Kismet -> SubobjectEditor, AssetTools -> Landscape, AnimGraph -> GraphEditor, GraphEditor -> Persona, AudioEditor -> DetailCustomizations)
Allowed circular dependency for 'Source\Editor\ActionableMessage\ActionableMessage.build.cs' detected:
* ActionableMessage -> UnrealEd -> MeshBuilder -> MeshBoneReduction -> AnimationBlueprintLibrary -> AnimGraph -> GraphEditor -> Persona -> AnimationModifiers -> AssetTools -> Landscape -> ActionableMessage (allowed via UnrealEd -> MeshBuilder, AnimGraph -> GraphEditor, GraphEditor -> Persona, AssetTools -> Landscape)
* ActionableMessage -> Engine -> MaterialUtilities -> MaterialBaking -> MainFrame -> UATHelper -> GameProjectGeneration -> ClassViewer -> PropertyEditor -> CQTest -> LevelEditor -> KismetWidgets -> BlueprintGraph -> Kismet -> UMGEditor -> DetailCustomizations -> MovieSceneTools -> AnimationBlueprintLibrary -> AnimGraph -> GraphEditor -> Persona -> AnimationModifiers -> AssetTools -> Landscape -> ActionableMessage (allowed via Engine -> MaterialUtilities, KismetWidgets -> BlueprintGraph, BlueprintGraph -> Kismet, Kismet -> UMGEditor, AnimGraph -> GraphEditor, GraphEditor -> Persona, AssetTools -> Landscape)
Allowed circular dependency for 'Source\Editor\ActorPickerMode\ActorPickerMode.Build.cs' detected:
* ActorPickerMode -> Engine -> Kismet -> BlueprintEditorLibrary -> BlueprintGraph -> AssetTools -> Landscape -> MeshBuilder -> MeshBoneReduction -> AnimationBlueprintLibrary -> AnimGraph -> GraphEditor -> Persona -> AudioEditor -> LevelEditor -> ActorPickerMode (allowed via Engine -> Kismet, AssetTools -> Landscape, AnimGraph -> GraphEditor, GraphEditor -> Persona)
* ActorPickerMode -> UnrealEd -> FoliageEdit -> DetailCustomizations -> Kismet -> BlueprintEditorLibrary -> BlueprintGraph -> AssetTools -> Landscape -> MeshBuilder -> MeshBoneReduction -> AnimationBlueprintLibrary -> AnimGraph -> GraphEditor -> Persona -> AudioEditor -> LevelEditor -> ActorPickerMode (allowed via UnrealEd -> FoliageEdit, AssetTools -> Landscape, AnimGraph -> GraphEditor, GraphEditor -> Persona)
Allowed circular dependency for 'Source\Editor\AddContentDialog\AddContentDialog.Build.cs' detected:
* AddContentDialog -> UnrealEd -> AudioEditor -> DetailCustomizations -> SkeletonEditor -> AnimationWidgets -> GraphEditor -> Persona -> AnimationModifiers -> AnimationBlueprintLibrary -> AnimGraph -> ContentBrowser -> AddContentDialog (allowed via UnrealEd -> AddContentDialog, AudioEditor -> DetailCustomizations, GraphEditor -> Persona, AnimGraph -> ContentBrowser)
* AddContentDialog -> Engine -> MaterialUtilities -> MaterialBaking -> MainFrame -> UATHelper -> GameProjectGeneration -> ClassViewer -> PropertyEditor -> CQTest -> LevelEditor -> KismetWidgets -> BlueprintGraph -> AssetTools -> Kismet -> UMGEditor -> DetailCustomizations -> SkeletonEditor -> AnimationWidgets -> GraphEditor -> Persona -> AnimationModifiers -> AnimationBlueprintLibrary -> AnimGraph -> ContentBrowser -> AddContentDialog (allowed via Engine -> MaterialUtilities, KismetWidgets -> BlueprintGraph, AssetTools -> Kismet, Kismet -> UMGEditor, GraphEditor -> Persona, AnimGraph -> ContentBrowser)
Allowed circular dependency for 'Source\Editor\AdvancedPreviewScene\AdvancedPreviewScene.Build.cs' detected:
* AdvancedPreviewScene -> Engine -> Kismet -> BlueprintEditorLibrary -> BlueprintGraph -> AssetTools -> Landscape -> MeshBuilder -> MeshBoneReduction -> AnimationBlueprintLibrary -> AnimGraph -> GraphEditor -> Persona -> AudioEditor -> DetailCustomizations -> AdvancedPreviewScene (allowed via Engine -> Kismet, AssetTools -> Landscape, AnimGraph -> GraphEditor, GraphEditor -> Persona, AudioEditor -> DetailCustomizations)
* AdvancedPreviewScene -> UnrealEd -> UniversalObjectLocatorEditor -> Sequencer -> MovieSceneCaptureDialog -> MovieSceneTools -> KismetCompiler -> Kismet -> BlueprintEditorLibrary -> BlueprintGraph -> AssetTools -> Landscape -> MeshBuilder -> MeshBoneReduction -> AnimationBlueprintLibrary -> AnimGraph -> GraphEditor -> Persona -> AudioEditor -> DetailCustomizations -> AdvancedPreviewScene (allowed via UnrealEd -> UniversalObjectLocatorEditor, Sequencer -> UniversalObjectLocatorEditor, Kismet -> KismetCompiler, AssetTools -> Landscape, AnimGraph -> GraphEditor, GraphEditor -> Persona, AudioEditor -> DetailCustomizations)
Allowed circular dependency for 'Source\Runtime\AdvancedWidgets\AdvancedWidgets.Build.cs' detected:
* AdvancedWidgets -> Engine -> Kismet -> BlueprintEditorLibrary -> BlueprintGraph -> AssetTools -> Landscape -> MeshBuilder -> MeshBoneReduction -> AnimationBlueprintLibrary -> AnimGraph -> GraphEditor -> Persona -> AudioEditor -> DetailCustomizations -> AdvancedWidgets (allowed via Engine -> Kismet, AssetTools -> Landscape, AnimGraph -> GraphEditor, GraphEditor -> Persona, AudioEditor -> DetailCustomizations)
* AdvancedWidgets -> UnrealEd -> UniversalObjectLocatorEditor -> Sequencer -> MovieSceneCaptureDialog -> MovieSceneTools -> KismetCompiler -> Kismet -> BlueprintEditorLibrary -> BlueprintGraph -> AssetTools -> Landscape -> MeshBuilder -> MeshBoneReduction -> AnimationBlueprintLibrary -> AnimGraph -> GraphEditor -> Persona -> AudioEditor -> DetailCustomizations -> AdvancedWidgets (allowed via UnrealEd -> UniversalObjectLocatorEditor, Sequencer -> UniversalObjectLocatorEditor, Kismet -> KismetCompiler, AssetTools -> Landscape, AnimGraph -> GraphEditor, GraphEditor -> Persona, AudioEditor -> DetailCustomizations)
* AdvancedWidgets -> UMG -> MovieSceneTracks -> DataLayerEditor -> PropertyEditor -> CQTest -> LevelEditor -> SubobjectEditor -> Kismet -> BlueprintEditorLibrary -> BlueprintGraph -> AssetTools -> Landscape -> MeshBuilder -> MeshBoneReduction -> AnimationBlueprintLibrary -> AnimGraph -> GraphEditor -> Persona -> AudioEditor -> DetailCustomizations -> AdvancedWidgets (allowed via Kismet -> SubobjectEditor, AssetTools -> Landscape, AnimGraph -> GraphEditor, GraphEditor -> Persona, AudioEditor -> DetailCustomizations)
Allowed circular dependency for 'Source\Editor\AnimGraph\AnimGraph.Build.cs' detected:
* AnimGraph -> KismetCompiler -> AnimGraph (allowed via AnimGraph -> KismetCompiler)
* AnimGraph -> GraphEditor -> Persona -> AnimationModifiers -> AnimationBlueprintLibrary -> AnimGraph (allowed via AnimGraph -> GraphEditor, GraphEditor -> Persona)
* AnimGraph -> BlueprintGraph -> AssetTools -> Landscape -> MeshUtilities -> Persona -> AnimationModifiers -> AnimationBlueprintLibrary -> AnimGraph (allowed via AnimGraph -> BlueprintGraph, AssetTools -> Landscape, Landscape -> MeshUtilities)
* AnimGraph -> ContentBrowser -> AssetTools -> Landscape -> MeshUtilities -> Persona -> AnimationModifiers -> AnimationBlueprintLibrary -> AnimGraph (allowed via AnimGraph -> ContentBrowser, AssetTools -> Landscape, Landscape -> MeshUtilities)
* AnimGraph -> Kismet -> UMGEditor -> Blutility -> AssetTools -> Landscape -> MeshUtilities -> Persona -> AnimationModifiers -> AnimationBlueprintLibrary -> AnimGraph (allowed via AnimGraph -> Kismet, Kismet -> UMGEditor, UMGEditor -> Blutility, AssetTools -> Landscape, Landscape -> MeshUtilities)
* AnimGraph -> UnrealEd -> AudioEditor -> UMGEditor -> Blutility -> AssetTools -> Landscape -> MeshUtilities -> Persona -> AnimationModifiers -> AnimationBlueprintLibrary -> AnimGraph (allowed via AnimGraph -> UnrealEd, UnrealEd -> AudioEditor, UMGEditor -> Blutility, AssetTools -> Landscape, Landscape -> MeshUtilities)
* AnimGraph -> PropertyEditor -> CQTest -> LevelEditor -> DataLayerEditor -> AssetTools -> Landscape -> MeshUtilities -> Persona -> AnimationModifiers -> AnimationBlueprintLibrary -> AnimGraph (allowed via AnimGraph -> PropertyEditor, AssetTools -> Landscape, Landscape -> MeshUtilities)
* AnimGraph -> AnimationEditMode -> EditorInteractiveToolsFramework -> LevelEditor -> DataLayerEditor -> AssetTools -> Landscape -> MeshUtilities -> Persona -> AnimationModifiers -> AnimationBlueprintLibrary -> AnimGraph (allowed via AssetTools -> Landscape, Landscape -> MeshUtilities)
* AnimGraph -> Engine -> CinematicCamera -> MovieSceneTracks -> DataLayerEditor -> AssetTools -> Landscape -> MeshUtilities -> Persona -> AnimationModifiers -> AnimationBlueprintLibrary -> AnimGraph (allowed via Engine -> CinematicCamera, AssetTools -> Landscape, Landscape -> MeshUtilities)
Allowed circular dependency for 'Source\Runtime\AnimGraphRuntime\AnimGraphRuntime.Build.cs' detected:
* AnimGraphRuntime -> Engine -> Kismet -> BlueprintEditorLibrary -> BlueprintGraph -> AssetTools -> Landscape -> ActionableMessage -> UnrealEd -> AudioEditor -> DetailCustomizations -> SkeletonEditor -> AnimationWidgets -> GraphEditor -> Persona -> AnimationModifiers -> AnimationBlueprintLibrary -> AnimGraph -> AnimGraphRuntime (allowed via Engine -> Kismet, AssetTools -> Landscape, UnrealEd -> AudioEditor, AudioEditor -> DetailCustomizations, GraphEditor -> Persona)
* AnimGraphRuntime -> GeometryCollectionEngine -> Renderer -> MaterialShaderQualitySettings -> PropertyEditor -> CQTest -> LevelEditor -> SubobjectEditor -> Kismet -> BlueprintEditorLibrary -> BlueprintGraph -> AssetTools -> Landscape -> ActionableMessage -> UnrealEd -> AudioEditor -> DetailCustomizations -> SkeletonEditor -> AnimationWidgets -> GraphEditor -> Persona -> AnimationModifiers -> AnimationBlueprintLibrary -> AnimGraph -> AnimGraphRuntime (allowed via Kismet -> SubobjectEditor, AssetTools -> Landscape, UnrealEd -> AudioEditor, AudioEditor -> DetailCustomizations, GraphEditor -> Persona)
Allowed circular dependency for 'Source\Editor\AnimationBlueprintLibrary\AnimationBlueprintLibrary.build.cs' detected:
* AnimationBlueprintLibrary -> AnimGraph -> GraphEditor -> Persona -> AnimationModifiers -> AnimationBlueprintLibrary (allowed via AnimGraph -> GraphEditor, GraphEditor -> Persona)
* AnimationBlueprintLibrary -> UnrealEd -> AudioEditor -> DetailCustomizations -> SkeletonEditor -> AnimationWidgets -> GraphEditor -> Persona -> AnimationModifiers -> AnimationBlueprintLibrary (allowed via UnrealEd -> AnimationBlueprintLibrary, AudioEditor -> DetailCustomizations, GraphEditor -> Persona)
* AnimationBlueprintLibrary -> BlueprintGraph -> AssetTools -> Kismet -> UMGEditor -> DetailCustomizations -> SkeletonEditor -> AnimationWidgets -> GraphEditor -> Persona -> AnimationModifiers -> AnimationBlueprintLibrary (allowed via AssetTools -> Kismet, Kismet -> UMGEditor, GraphEditor -> Persona)
* AnimationBlueprintLibrary -> Engine -> MaterialUtilities -> MaterialBaking -> MainFrame -> Documentation -> ContentBrowser -> AssetTools -> Kismet -> UMGEditor -> DetailCustomizations -> SkeletonEditor -> AnimationWidgets -> GraphEditor -> Persona -> AnimationModifiers -> AnimationBlueprintLibrary (allowed via Engine -> MaterialUtilities, Documentation -> ContentBrowser, AssetTools -> Kismet, Kismet -> UMGEditor, GraphEditor -> Persona)
Allowed circular dependency for 'Source\Editor\AnimationEditMode\AnimationEditMode.Build.cs' detected:
* AnimationEditMode -> UnrealEd -> AudioEditor -> DetailCustomizations -> SkeletonEditor -> AnimationWidgets -> GraphEditor -> Persona -> AnimationModifiers -> AnimationBlueprintLibrary -> AnimGraph -> AnimationEditMode (allowed via UnrealEd -> AudioEditor, AudioEditor -> DetailCustomizations, GraphEditor -> Persona)
* AnimationEditMode -> EditorInteractiveToolsFramework -> ContentBrowser -> Documentation -> MainFrame -> UATHelper -> GameProjectGeneration -> ClassViewer -> PropertyEditor -> CQTest -> LevelEditor -> KismetWidgets -> BlueprintGraph -> AssetTools -> Kismet -> UMGEditor -> DetailCustomizations -> SkeletonEditor -> AnimationWidgets -> GraphEditor -> Persona -> AnimationModifiers -> AnimationBlueprintLibrary -> AnimGraph -> AnimationEditMode (allowed via Documentation -> ContentBrowser, KismetWidgets -> BlueprintGraph, AssetTools -> Kismet, Kismet -> UMGEditor, GraphEditor -> Persona)
* AnimationEditMode -> Engine -> MaterialUtilities -> MaterialBaking -> MainFrame -> UATHelper -> GameProjectGeneration -> ClassViewer -> PropertyEditor -> CQTest -> LevelEditor -> KismetWidgets -> BlueprintGraph -> AssetTools -> Kismet -> UMGEditor -> DetailCustomizations -> SkeletonEditor -> AnimationWidgets -> GraphEditor -> Persona -> AnimationModifiers -> AnimationBlueprintLibrary -> AnimGraph -> AnimationEditMode (allowed via Engine -> MaterialUtilities, KismetWidgets -> BlueprintGraph, AssetTools -> Kismet, Kismet -> UMGEditor, GraphEditor -> Persona)
Allowed circular dependency for 'Source\Editor\AnimationModifiers\AnimationModifiers.Build.cs' detected:
* AnimationModifiers -> AnimationBlueprintLibrary -> AnimGraph -> GraphEditor -> Persona -> AnimationModifiers (allowed via AnimGraph -> GraphEditor, GraphEditor -> Persona)
* AnimationModifiers -> MainFrame -> TranslationEditor -> GraphEditor -> Persona -> AnimationModifiers (allowed via GraphEditor -> Persona)
* AnimationModifiers -> AssetTools -> Kismet -> BlueprintEditorLibrary -> AnimGraph -> GraphEditor -> Persona -> AnimationModifiers (allowed via AssetTools -> Kismet, AnimGraph -> GraphEditor, GraphEditor -> Persona)
* AnimationModifiers -> UnrealEd -> AudioEditor -> UMGEditor -> Blutility -> BlueprintGraph -> Kismet -> BlueprintEditorLibrary -> AnimGraph -> GraphEditor -> Persona -> AnimationModifiers (allowed via UnrealEd -> AudioEditor, UMGEditor -> Blutility, BlueprintGraph -> Kismet, AnimGraph -> GraphEditor, GraphEditor -> Persona)
* AnimationModifiers -> PropertyEditor -> CQTest -> LevelEditor -> KismetWidgets -> BlueprintGraph -> Kismet -> BlueprintEditorLibrary -> AnimGraph -> GraphEditor -> Persona -> AnimationModifiers (allowed via KismetWidgets -> BlueprintGraph, BlueprintGraph -> Kismet, AnimGraph -> GraphEditor, GraphEditor -> Persona)
* AnimationModifiers -> Engine -> Landscape -> MeshUtilities -> LevelEditor -> KismetWidgets -> BlueprintGraph -> Kismet -> BlueprintEditorLibrary -> AnimGraph -> GraphEditor -> Persona -> AnimationModifiers (allowed via Engine -> Landscape, Landscape -> MeshUtilities, KismetWidgets -> BlueprintGraph, BlueprintGraph -> Kismet, AnimGraph -> GraphEditor, GraphEditor -> Persona)
Allowed circular dependency for 'Source\Developer\AnimationWidgets\AnimationWidgets.Build.cs' detected:
* AnimationWidgets -> GraphEditor -> Persona -> AudioEditor -> DetailCustomizations -> SkeletonEditor -> AnimationWidgets (allowed via GraphEditor -> Persona, AudioEditor -> DetailCustomizations)
* AnimationWidgets -> UnrealEd -> MeshBuilder -> MeshBoneReduction -> AnimationBlueprintLibrary -> AnimGraph -> BlueprintGraph -> AssetTools -> Landscape -> MeshUtilities -> Persona -> AudioEditor -> DetailCustomizations -> SkeletonEditor -> AnimationWidgets (allowed via UnrealEd -> MeshBuilder, AnimGraph -> BlueprintGraph, AssetTools -> Landscape, Landscape -> MeshUtilities, AudioEditor -> DetailCustomizations)
* AnimationWidgets -> Engine -> Kismet -> UMGEditor -> Sequencer -> MovieSceneCaptureDialog -> MovieSceneTools -> AnimationBlueprintLibrary -> AnimGraph -> BlueprintGraph -> AssetTools -> Landscape -> MeshUtilities -> Persona -> AudioEditor -> DetailCustomizations -> SkeletonEditor -> AnimationWidgets (allowed via Engine -> Kismet, Kismet -> UMGEditor, Sequencer -> MovieSceneCaptureDialog, AnimGraph -> BlueprintGraph, AssetTools -> Landscape, Landscape -> MeshUtilities, AudioEditor -> DetailCustomizations)
* AnimationWidgets -> PropertyEditor -> CQTest -> LevelEditor -> SubobjectEditor -> Kismet -> UMGEditor -> Sequencer -> MovieSceneCaptureDialog -> MovieSceneTools -> AnimationBlueprintLibrary -> AnimGraph -> BlueprintGraph -> AssetTools -> Landscape -> MeshUtilities -> Persona -> AudioEditor -> DetailCustomizations -> SkeletonEditor -> AnimationWidgets (allowed via Kismet -> SubobjectEditor, Sequencer -> MovieSceneCaptureDialog, AnimGraph -> BlueprintGraph, AssetTools -> Landscape, Landscape -> MeshUtilities, AudioEditor -> DetailCustomizations)
Allowed circular dependency for 'Source\Editor\AssetDefinition\AssetDefinition.Build.cs' detected:
* AssetDefinition -> Engine -> MaterialUtilities -> MaterialBaking -> MainFrame -> UATHelper -> GameProjectGeneration -> ClassViewer -> PropertyEditor -> CQTest -> LevelEditor -> KismetWidgets -> BlueprintGraph -> Kismet -> UMGEditor -> DetailCustomizations -> ComponentVisualizers -> AIModule -> UnrealEd -> AudioEditor -> Landscape -> MeshBuilder -> MeshBoneReduction -> AnimationBlueprintLibrary -> AnimGraph -> GraphEditor -> Persona -> AnimationModifiers -> AssetTools -> AssetDefinition (allowed via Engine -> MaterialUtilities, KismetWidgets -> BlueprintGraph, BlueprintGraph -> Kismet, Kismet -> UMGEditor, UnrealEd -> AudioEditor, AnimGraph -> GraphEditor, GraphEditor -> Persona)
Allowed circular dependency for 'Source\Developer\AssetTools\AssetTools.Build.cs' detected:
* AssetTools -> MaterialEditor -> GraphEditor -> Persona -> AnimationModifiers -> AssetTools (allowed via AssetTools -> MaterialEditor, GraphEditor -> Persona)
* AssetTools -> Landscape -> MeshBuilder -> MeshBoneReduction -> AnimationBlueprintLibrary -> AnimGraph -> GraphEditor -> Persona -> AnimationModifiers -> AssetTools (allowed via AssetTools -> Landscape, AnimGraph -> GraphEditor, GraphEditor -> Persona)
* AssetTools -> UnrealEd -> MeshBuilder -> MeshBoneReduction -> AnimationBlueprintLibrary -> AnimGraph -> GraphEditor -> Persona -> AnimationModifiers -> AssetTools (allowed via AssetTools -> UnrealEd, UnrealEd -> MeshBuilder, AnimGraph -> GraphEditor, GraphEditor -> Persona)
* AssetTools -> Engine -> CinematicCamera -> MovieSceneTracks -> AnimationBlueprintLibrary -> AnimGraph -> GraphEditor -> Persona -> AnimationModifiers -> AssetTools (allowed via Engine -> CinematicCamera, AnimGraph -> GraphEditor, GraphEditor -> Persona)
* AssetTools -> Kismet -> UMGEditor -> DetailCustomizations -> MovieSceneTools -> AnimationBlueprintLibrary -> AnimGraph -> GraphEditor -> Persona -> AnimationModifiers -> AssetTools (allowed via AssetTools -> Kismet, Kismet -> UMGEditor, AnimGraph -> GraphEditor, GraphEditor -> Persona)
* AssetTools -> PropertyEditor -> CQTest -> LevelEditor -> LevelSequence -> MovieSceneTracks -> AnimationBlueprintLibrary -> AnimGraph -> GraphEditor -> Persona -> AnimationModifiers -> AssetTools (allowed via AnimGraph -> GraphEditor, GraphEditor -> Persona)
Allowed circular dependency for 'Source\Editor\AudioEditor\AudioEditor.Build.cs' detected:
* AudioEditor -> GraphEditor -> Persona -> AudioEditor (allowed via GraphEditor -> Persona)
* AudioEditor -> Landscape -> MeshUtilities -> Persona -> AudioEditor (allowed via Landscape -> MeshUtilities)
* AudioEditor -> DetailCustomizations -> SkeletonEditor -> Persona -> AudioEditor (allowed via AudioEditor -> DetailCustomizations)
* AudioEditor -> UnrealEd -> MeshBuilder -> MeshUtilities -> Persona -> AudioEditor (allowed via UnrealEd -> AudioEditor)
Allowed circular dependency for 'Source\Runtime\AudioLink\AudioLinkEngine\AudioLinkEngine.Build.cs' detected:
* AudioLinkEngine -> Engine -> MaterialUtilities -> MaterialBaking -> MainFrame -> UATHelper -> GameProjectGeneration -> ClassViewer -> PropertyEditor -> CQTest -> LevelEditor -> ActionableMessage -> UnrealEd -> FoliageEdit -> DetailCustomizations -> Kismet -> BlueprintEditorLibrary -> BlueprintGraph -> AssetTools -> Landscape -> MeshBuilder -> MeshBoneReduction -> AnimationBlueprintLibrary -> AnimGraph -> GraphEditor -> Persona -> AudioEditor -> AudioLinkEngine (allowed via Engine -> MaterialUtilities, UnrealEd -> FoliageEdit, AssetTools -> Landscape, AnimGraph -> GraphEditor, GraphEditor -> Persona)
Allowed circular dependency for 'Source\Runtime\AudioMixer\AudioMixer.Build.cs' detected:
* AudioMixer -> NonRealtimeAudioRenderer -> AudioMixer (allowed via AudioMixer -> NonRealtimeAudioRenderer)
* AudioMixer -> SoundFieldRendering -> AudioMixer (allowed via AudioMixer -> SoundFieldRendering)
* AudioMixer -> HeadMountedDisplay -> Renderer -> MaterialShaderQualitySettings -> PropertyEditor -> CQTest -> LevelEditor -> ActionableMessage -> UnrealEd -> FoliageEdit -> DetailCustomizations -> Kismet -> BlueprintEditorLibrary -> BlueprintGraph -> AssetTools -> Landscape -> MeshBuilder -> MeshBoneReduction -> AnimationBlueprintLibrary -> AnimGraph -> GraphEditor -> Persona -> AudioEditor -> AudioMixer (allowed via UnrealEd -> FoliageEdit, AssetTools -> Landscape, AnimGraph -> GraphEditor, GraphEditor -> Persona)
* AudioMixer -> Engine -> MaterialUtilities -> MaterialBaking -> MainFrame -> UATHelper -> GameProjectGeneration -> ClassViewer -> PropertyEditor -> CQTest -> LevelEditor -> ActionableMessage -> UnrealEd -> FoliageEdit -> DetailCustomizations -> Kismet -> BlueprintEditorLibrary -> BlueprintGraph -> AssetTools -> Landscape -> MeshBuilder -> MeshBoneReduction -> AnimationBlueprintLibrary -> AnimGraph -> GraphEditor -> Persona -> AudioEditor -> AudioMixer (allowed via Engine -> AudioMixer, UnrealEd -> FoliageEdit, AssetTools -> Landscape, AnimGraph -> GraphEditor, GraphEditor -> Persona)
Allowed circular dependency for 'Source\Runtime\Windows\AudioMixerXAudio2\AudioMixerXAudio2.Build.cs' detected:
* AudioMixerXAudio2 -> Engine -> Kismet -> BlueprintEditorLibrary -> BlueprintGraph -> AssetTools -> Landscape -> MeshBuilder -> MeshBoneReduction -> AnimationBlueprintLibrary -> AnimGraph -> GraphEditor -> Persona -> AudioEditor -> DetailCustomizations -> ComponentVisualizers -> AIModule -> UnrealEd -> AudioMixerXAudio2 (allowed via Engine -> Kismet, AssetTools -> Landscape, AnimGraph -> GraphEditor, GraphEditor -> Persona, AudioEditor -> DetailCustomizations)
* AudioMixerXAudio2 -> AudioMixer -> HeadMountedDisplay -> Renderer -> MaterialShaderQualitySettings -> PropertyEditor -> CQTest -> LevelEditor -> SubobjectEditor -> Kismet -> BlueprintEditorLibrary -> BlueprintGraph -> AssetTools -> Landscape -> MeshBuilder -> MeshBoneReduction -> AnimationBlueprintLibrary -> AnimGraph -> GraphEditor -> Persona -> AudioEditor -> DetailCustomizations -> ComponentVisualizers -> AIModule -> UnrealEd -> AudioMixerXAudio2 (allowed via Kismet -> SubobjectEditor, AssetTools -> Landscape, AnimGraph -> GraphEditor, GraphEditor -> Persona, AudioEditor -> DetailCustomizations)
Allowed circular dependency for 'Source\Developer\AudioSettingsEditor\AudioSettingsEditor.Build.cs' detected:
* AudioSettingsEditor -> Engine -> Kismet -> BlueprintEditorLibrary -> BlueprintGraph -> AssetTools -> Landscape -> MeshBuilder -> MeshBoneReduction -> AnimationBlueprintLibrary -> AnimGraph -> GraphEditor -> Persona -> AudioEditor -> DetailCustomizations -> AudioSettingsEditor (allowed via Engine -> Kismet, AssetTools -> Landscape, AnimGraph -> GraphEditor, GraphEditor -> Persona, AudioEditor -> DetailCustomizations)
* AudioSettingsEditor -> PropertyEditor -> CQTest -> LevelEditor -> SubobjectEditor -> Kismet -> BlueprintEditorLibrary -> BlueprintGraph -> AssetTools -> Landscape -> MeshBuilder -> MeshBoneReduction -> AnimationBlueprintLibrary -> AnimGraph -> GraphEditor -> Persona -> AudioEditor -> DetailCustomizations -> AudioSettingsEditor (allowed via Kismet -> SubobjectEditor, AssetTools -> Landscape, AnimGraph -> GraphEditor, GraphEditor -> Persona, AudioEditor -> DetailCustomizations)
* AudioSettingsEditor -> UnrealEd -> UniversalObjectLocatorEditor -> Sequencer -> MovieSceneCaptureDialog -> MovieSceneTools -> KismetCompiler -> Kismet -> BlueprintEditorLibrary -> BlueprintGraph -> AssetTools -> Landscape -> MeshBuilder -> MeshBoneReduction -> AnimationBlueprintLibrary -> AnimGraph -> GraphEditor -> Persona -> AudioEditor -> DetailCustomizations -> AudioSettingsEditor (allowed via UnrealEd -> UniversalObjectLocatorEditor, Sequencer -> UniversalObjectLocatorEditor, Kismet -> KismetCompiler, AssetTools -> Landscape, AnimGraph -> GraphEditor, GraphEditor -> Persona, AudioEditor -> DetailCustomizations)
Allowed circular dependency for 'Source\Developer\AutomationController\AutomationController.Build.cs' detected:
* AutomationController -> Engine -> Kismet -> BlueprintEditorLibrary -> BlueprintGraph -> AssetTools -> Landscape -> MeshBuilder -> MeshBoneReduction -> AnimationBlueprintLibrary -> AnimGraph -> GraphEditor -> Persona -> AudioEditor -> UMGEditor -> Blutility -> AutomationController (allowed via Engine -> Kismet, AssetTools -> Landscape, AnimGraph -> GraphEditor, GraphEditor -> Persona, UMGEditor -> Blutility)
* AutomationController -> UnrealEd -> FoliageEdit -> DetailCustomizations -> Kismet -> BlueprintEditorLibrary -> BlueprintGraph -> AssetTools -> Landscape -> MeshBuilder -> MeshBoneReduction -> AnimationBlueprintLibrary -> AnimGraph -> GraphEditor -> Persona -> AudioEditor -> UMGEditor -> Blutility -> AutomationController (allowed via UnrealEd -> AutomationController, AssetTools -> Landscape, AnimGraph -> GraphEditor, GraphEditor -> Persona, UMGEditor -> Blutility)
Allowed circular dependency for 'Source\Runtime\AutomationMessages\AutomationMessages.Build.cs' detected:
* AutomationMessages -> AutomationTest -> SourceControl -> EditorFramework -> Engine -> MaterialUtilities -> MaterialBaking -> MainFrame -> UATHelper -> GameProjectGeneration -> ClassViewer -> PropertyEditor -> CQTest -> LevelEditor -> ActionableMessage -> UnrealEd -> FoliageEdit -> DetailCustomizations -> Kismet -> BlueprintEditorLibrary -> BlueprintGraph -> AssetTools -> Landscape -> MeshBuilder -> MeshBoneReduction -> AnimationBlueprintLibrary -> AnimGraph -> GraphEditor -> Persona -> AudioEditor -> UMGEditor -> Blutility -> AutomationController -> AutomationMessages (allowed via Engine -> MaterialUtilities, UnrealEd -> FoliageEdit, AssetTools -> Landscape, AnimGraph -> GraphEditor, GraphEditor -> Persona, UMGEditor -> Blutility)
Allowed circular dependency for 'Source\Runtime\AutomationTest\AutomationTest.Build.cs' detected:
* AutomationTest -> SourceControl -> EditorFramework -> Engine -> MaterialUtilities -> MaterialBaking -> MainFrame -> UATHelper -> GameProjectGeneration -> ClassViewer -> PropertyEditor -> CQTest -> LevelEditor -> ActionableMessage -> UnrealEd -> FoliageEdit -> DetailCustomizations -> Kismet -> BlueprintEditorLibrary -> BlueprintGraph -> AssetTools -> Landscape -> MeshBuilder -> MeshBoneReduction -> AnimationBlueprintLibrary -> AnimGraph -> GraphEditor -> Persona -> AudioEditor -> UMGEditor -> Blutility -> AutomationController -> AutomationTest (allowed via Engine -> MaterialUtilities, UnrealEd -> FoliageEdit, AssetTools -> Landscape, AnimGraph -> GraphEditor, GraphEditor -> Persona, UMGEditor -> Blutility)
Allowed circular dependency for 'Source\Developer\BSPUtils\BSPUtils.Build.cs' detected:
* BSPUtils -> Engine -> MaterialUtilities -> MaterialBaking -> MainFrame -> UATHelper -> GameProjectGeneration -> ClassViewer -> PropertyEditor -> ActorPickerMode -> UnrealEd -> FoliageEdit -> DetailCustomizations -> Kismet -> BlueprintEditorLibrary -> BlueprintGraph -> AssetTools -> Landscape -> MeshBuilder -> MeshBoneReduction -> AnimationBlueprintLibrary -> AnimGraph -> GraphEditor -> Persona -> AudioEditor -> LevelEditor -> HierarchicalLODOutliner -> HierarchicalLODUtilities -> BSPUtils (allowed via Engine -> MaterialUtilities, UnrealEd -> FoliageEdit, AssetTools -> Landscape, AnimGraph -> GraphEditor, GraphEditor -> Persona)
Allowed circular dependency for 'Source\Editor\BlueprintEditorLibrary\BlueprintEditorLibrary.Build.cs' detected:
* BlueprintEditorLibrary -> AnimGraph -> Kismet -> BlueprintEditorLibrary (allowed via AnimGraph -> Kismet)
* BlueprintEditorLibrary -> BlueprintGraph -> GraphEditor -> Persona -> AnimationModifiers -> AssetTools -> Kismet -> BlueprintEditorLibrary (allowed via BlueprintGraph -> GraphEditor, GraphEditor -> Persona, AssetTools -> Kismet)
* BlueprintEditorLibrary -> Engine -> GraphEditor -> Persona -> AnimationModifiers -> AssetTools -> Kismet -> BlueprintEditorLibrary (allowed via GraphEditor -> Persona, AssetTools -> Kismet)
* BlueprintEditorLibrary -> UnrealEd -> AudioEditor -> DetailCustomizations -> SkeletonEditor -> AnimationWidgets -> GraphEditor -> Persona -> AnimationModifiers -> AssetTools -> Kismet -> BlueprintEditorLibrary (allowed via UnrealEd -> AudioEditor, AudioEditor -> DetailCustomizations, GraphEditor -> Persona, AssetTools -> Kismet)
Allowed circular dependency for 'Source\Editor\BlueprintGraph\BlueprintGraph.Build.cs' detected:
* BlueprintGraph -> KismetWidgets -> BlueprintGraph (allowed via KismetWidgets -> BlueprintGraph)
* BlueprintGraph -> KismetCompiler -> AnimGraph -> BlueprintGraph (allowed via BlueprintGraph -> KismetCompiler, AnimGraph -> KismetCompiler)
* BlueprintGraph -> UMG -> MovieSceneTracks -> AnimationBlueprintLibrary -> AnimGraph -> BlueprintGraph (allowed via AnimGraph -> BlueprintGraph)
* BlueprintGraph -> GraphEditor -> Persona -> AnimationModifiers -> AnimationBlueprintLibrary -> AnimGraph -> BlueprintGraph (allowed via BlueprintGraph -> GraphEditor, GraphEditor -> Persona, AnimGraph -> BlueprintGraph)
* BlueprintGraph -> AssetTools -> Landscape -> MeshUtilities -> Persona -> AnimationModifiers -> AnimationBlueprintLibrary -> AnimGraph -> BlueprintGraph (allowed via AssetTools -> Landscape, Landscape -> MeshUtilities, AnimGraph -> BlueprintGraph)
* BlueprintGraph -> Engine -> Landscape -> MeshUtilities -> Persona -> AnimationModifiers -> AnimationBlueprintLibrary -> AnimGraph -> BlueprintGraph (allowed via Engine -> Landscape, Landscape -> MeshUtilities, AnimGraph -> BlueprintGraph)
* BlueprintGraph -> UnrealEd -> AudioEditor -> Landscape -> MeshUtilities -> Persona -> AnimationModifiers -> AnimationBlueprintLibrary -> AnimGraph -> BlueprintGraph (allowed via BlueprintGraph -> UnrealEd, UnrealEd -> AudioEditor, Landscape -> MeshUtilities, AnimGraph -> BlueprintGraph)
* BlueprintGraph -> Kismet -> UMGEditor -> DetailCustomizations -> Landscape -> MeshUtilities -> Persona -> AnimationModifiers -> AnimationBlueprintLibrary -> AnimGraph -> BlueprintGraph (allowed via BlueprintGraph -> Kismet, Kismet -> UMGEditor, Landscape -> MeshUtilities, AnimGraph -> BlueprintGraph)
* BlueprintGraph -> PropertyEditor -> CQTest -> LevelEditor -> HierarchicalLODOutliner -> HierarchicalLODUtilities -> MaterialUtilities -> Landscape -> MeshUtilities -> Persona -> AnimationModifiers -> AnimationBlueprintLibrary -> AnimGraph -> BlueprintGraph (allowed via MaterialUtilities -> Landscape, Landscape -> MeshUtilities, AnimGraph -> BlueprintGraph)
Allowed circular dependency for 'Source\Editor\Blutility\Blutility.Build.cs' detected:
* Blutility -> UMGEditor -> Blutility (allowed via UMGEditor -> Blutility)
Allowed circular dependency for 'Source\Developer\CQTest\CQTest.Build.cs' detected:
* CQTest -> UnrealEd -> AudioEditor -> DetailCustomizations -> SkeletonEditor -> AnimationWidgets -> GraphEditor -> Persona -> AnimationModifiers -> AnimationBlueprintLibrary -> AnimGraph -> PropertyEditor -> CQTest (allowed via UnrealEd -> AudioEditor, AudioEditor -> DetailCustomizations, GraphEditor -> Persona, AnimGraph -> PropertyEditor)
* CQTest -> LevelEditor -> KismetWidgets -> BlueprintGraph -> AssetTools -> Kismet -> UMGEditor -> DetailCustomizations -> SkeletonEditor -> AnimationWidgets -> GraphEditor -> Persona -> AnimationModifiers -> AnimationBlueprintLibrary -> AnimGraph -> PropertyEditor -> CQTest (allowed via KismetWidgets -> BlueprintGraph, AssetTools -> Kismet, Kismet -> UMGEditor, GraphEditor -> Persona, AnimGraph -> PropertyEditor)
* CQTest -> Engine -> CinematicCamera -> MovieSceneTracks -> BlueprintGraph -> AssetTools -> Kismet -> UMGEditor -> DetailCustomizations -> SkeletonEditor -> AnimationWidgets -> GraphEditor -> Persona -> AnimationModifiers -> AnimationBlueprintLibrary -> AnimGraph -> PropertyEditor -> CQTest (allowed via Engine -> CinematicCamera, AssetTools -> Kismet, Kismet -> UMGEditor, GraphEditor -> Persona, AnimGraph -> PropertyEditor)
Allowed circular dependency for 'Source\Runtime\CUDA\Source\CUDA.Build.cs' detected:
* CUDA -> Engine -> Kismet -> BlueprintEditorLibrary -> BlueprintGraph -> AssetTools -> Landscape -> MeshBuilder -> MeshBoneReduction -> AnimationBlueprintLibrary -> AnimGraph -> GraphEditor -> Persona -> AudioEditor -> DetailCustomizations -> ComponentVisualizers -> AIModule -> UnrealEd -> GameplayMediaEncoder -> AVEncoder -> CUDA (allowed via Engine -> Kismet, AssetTools -> Landscape, AnimGraph -> GraphEditor, GraphEditor -> Persona, AudioEditor -> DetailCustomizations)
Allowed circular dependency for 'Source\Runtime\Experimental\ChaosSolverEngine\ChaosSolverEngine.Build.cs' detected:
* ChaosSolverEngine -> DataflowSimulation -> UnrealEd -> AudioEditor -> DetailCustomizations -> SkeletonEditor -> AnimationWidgets -> GraphEditor -> Persona -> AnimationModifiers -> AnimationBlueprintLibrary -> AnimGraph -> AnimGraphRuntime -> GeometryCollectionEngine -> FieldSystemEngine -> ChaosSolverEngine (allowed via UnrealEd -> AudioEditor, AudioEditor -> DetailCustomizations, GraphEditor -> Persona)
* ChaosSolverEngine -> Engine -> Kismet -> BlueprintEditorLibrary -> BlueprintGraph -> AssetTools -> Landscape -> ActionableMessage -> UnrealEd -> AudioEditor -> DetailCustomizations -> SkeletonEditor -> AnimationWidgets -> GraphEditor -> Persona -> AnimationModifiers -> AnimationBlueprintLibrary -> AnimGraph -> AnimGraphRuntime -> GeometryCollectionEngine -> FieldSystemEngine -> ChaosSolverEngine (allowed via Engine -> Kismet, AssetTools -> Landscape, UnrealEd -> AudioEditor, AudioEditor -> DetailCustomizations, GraphEditor -> Persona)
Allowed circular dependency for 'Source\Runtime\CinematicCamera\CinematicCamera.Build.cs' detected:
* CinematicCamera -> Engine -> Kismet -> BlueprintEditorLibrary -> BlueprintGraph -> AssetTools -> Landscape -> MeshBuilder -> MeshBoneReduction -> AnimationBlueprintLibrary -> AnimGraph -> GraphEditor -> Persona -> AudioEditor -> DetailCustomizations -> CinematicCamera (allowed via Engine -> CinematicCamera, AssetTools -> Landscape, AnimGraph -> GraphEditor, GraphEditor -> Persona, AudioEditor -> DetailCustomizations)
* CinematicCamera -> MovieSceneTracks -> DataLayerEditor -> PropertyEditor -> CQTest -> LevelEditor -> ActionableMessage -> UnrealEd -> UniversalObjectLocatorEditor -> Sequencer -> MovieSceneCaptureDialog -> MovieSceneTools -> KismetCompiler -> Kismet -> BlueprintEditorLibrary -> BlueprintGraph -> AssetTools -> Landscape -> MeshBuilder -> MeshBoneReduction -> AnimationBlueprintLibrary -> AnimGraph -> GraphEditor -> Persona -> AudioEditor -> DetailCustomizations -> CinematicCamera (allowed via UnrealEd -> UniversalObjectLocatorEditor, Sequencer -> UniversalObjectLocatorEditor, Kismet -> KismetCompiler, AssetTools -> Landscape, AnimGraph -> GraphEditor, GraphEditor -> Persona, AudioEditor -> DetailCustomizations)
Allowed circular dependency for 'Source\Editor\ClassViewer\ClassViewer.Build.cs' detected:
* ClassViewer -> Engine -> Kismet -> BlueprintEditorLibrary -> BlueprintGraph -> AssetTools -> Landscape -> MeshBuilder -> MeshBoneReduction -> AnimationBlueprintLibrary -> AnimGraph -> GraphEditor -> Persona -> AnimationModifiers -> ClassViewer (allowed via Engine -> Kismet, AssetTools -> Landscape, AnimGraph -> GraphEditor, GraphEditor -> Persona)
* ClassViewer -> UnrealEd -> AudioEditor -> UMGEditor -> Blutility -> Kismet -> BlueprintEditorLibrary -> BlueprintGraph -> AssetTools -> Landscape -> MeshBuilder -> MeshBoneReduction -> AnimationBlueprintLibrary -> AnimGraph -> GraphEditor -> Persona -> AnimationModifiers -> ClassViewer (allowed via UnrealEd -> AudioEditor, UMGEditor -> Blutility, AssetTools -> Landscape, AnimGraph -> GraphEditor, GraphEditor -> Persona)
* ClassViewer -> PropertyEditor -> CQTest -> LevelEditor -> SubobjectEditor -> Kismet -> BlueprintEditorLibrary -> BlueprintGraph -> AssetTools -> Landscape -> MeshBuilder -> MeshBoneReduction -> AnimationBlueprintLibrary -> AnimGraph -> GraphEditor -> Persona -> AnimationModifiers -> ClassViewer (allowed via Kismet -> SubobjectEditor, AssetTools -> Landscape, AnimGraph -> GraphEditor, GraphEditor -> Persona)
Allowed circular dependency for 'Source\Editor\ClothingSystemEditor\ClothingSystemEditor.Build.cs' detected:
* ClothingSystemEditor -> UnrealEd -> ClothingSystemEditor (allowed via UnrealEd -> ClothingSystemEditor)
Allowed circular dependency for 'Source\Runtime\ClothingSystemRuntimeCommon\ClothingSystemRuntimeCommon.Build.cs' detected:
* ClothingSystemRuntimeCommon -> Engine -> Kismet -> BlueprintEditorLibrary -> BlueprintGraph -> AssetTools -> Landscape -> MeshBuilder -> MeshBoneReduction -> AnimationBlueprintLibrary -> AnimGraph -> GraphEditor -> Persona -> AudioEditor -> DetailCustomizations -> ComponentVisualizers -> AIModule -> UnrealEd -> ClothingSystemEditor -> ClothingSystemRuntimeCommon (allowed via Engine -> Kismet, AssetTools -> Landscape, AnimGraph -> GraphEditor, GraphEditor -> Persona, AudioEditor -> DetailCustomizations, UnrealEd -> ClothingSystemEditor)
Allowed circular dependency for 'Source\Runtime\ClothingSystemRuntimeNv\ClothingSystemRuntimeNv.Build.cs' detected:
* ClothingSystemRuntimeNv -> Engine -> Kismet -> BlueprintEditorLibrary -> BlueprintGraph -> AssetTools -> Landscape -> MeshBuilder -> MeshBoneReduction -> AnimationBlueprintLibrary -> AnimGraph -> GraphEditor -> Persona -> AudioEditor -> DetailCustomizations -> ComponentVisualizers -> AIModule -> UnrealEd -> ClothingSystemEditor -> ClothingSystemRuntimeNv (allowed via Engine -> Kismet, AssetTools -> Landscape, AnimGraph -> GraphEditor, GraphEditor -> Persona, AudioEditor -> DetailCustomizations, UnrealEd -> ClothingSystemEditor)
Allowed circular dependency for 'Source\Developer\CollectionManager\CollectionManager.Build.cs' detected:
* CollectionManager -> SourceControl -> EditorFramework -> Engine -> MaterialUtilities -> MaterialBaking -> MainFrame -> UATHelper -> GameProjectGeneration -> ClassViewer -> PropertyEditor -> CQTest -> LevelEditor -> ActionableMessage -> UnrealEd -> FoliageEdit -> DetailCustomizations -> Kismet -> BlueprintEditorLibrary -> BlueprintGraph -> AssetTools -> Landscape -> MeshBuilder -> MeshBoneReduction -> AnimationBlueprintLibrary -> AnimGraph -> GraphEditor -> Persona -> AudioEditor -> UMGEditor -> Blutility -> CollectionManager (allowed via Engine -> MaterialUtilities, UnrealEd -> FoliageEdit, AssetTools -> Landscape, AnimGraph -> GraphEditor, GraphEditor -> Persona, UMGEditor -> Blutility)
Allowed circular dependency for 'Source\Developer\CollisionAnalyzer\CollisionAnalyzer.Build.cs' detected:
* CollisionAnalyzer -> Engine -> CollisionAnalyzer (allowed via Engine -> CollisionAnalyzer)
Allowed circular dependency for 'Source\Editor\CommonMenuExtensions\CommonMenuExtensions.Build.cs' detected:
* CommonMenuExtensions -> Engine -> Kismet -> BlueprintEditorLibrary -> BlueprintGraph -> AssetTools -> Landscape -> MeshBuilder -> MeshBoneReduction -> AnimationBlueprintLibrary -> AnimGraph -> GraphEditor -> Persona -> AudioEditor -> DetailCustomizations -> AdvancedPreviewScene -> CommonMenuExtensions (allowed via Engine -> Kismet, AssetTools -> Landscape, AnimGraph -> GraphEditor, GraphEditor -> Persona, AudioEditor -> DetailCustomizations)
* CommonMenuExtensions -> UnrealEd -> UniversalObjectLocatorEditor -> Sequencer -> MovieSceneCaptureDialog -> MovieSceneTools -> KismetCompiler -> Kismet -> BlueprintEditorLibrary -> BlueprintGraph -> AssetTools -> Landscape -> MeshBuilder -> MeshBoneReduction -> AnimationBlueprintLibrary -> AnimGraph -> GraphEditor -> Persona -> AudioEditor -> DetailCustomizations -> AdvancedPreviewScene -> CommonMenuExtensions (allowed via UnrealEd -> CommonMenuExtensions, Sequencer -> UniversalObjectLocatorEditor, Kismet -> KismetCompiler, AssetTools -> Landscape, AnimGraph -> GraphEditor, GraphEditor -> Persona, AudioEditor -> DetailCustomizations)
Allowed circular dependency for 'Source\Editor\ComponentVisualizers\ComponentVisualizers.Build.cs' detected:
* ComponentVisualizers -> PropertyEditor -> Documentation -> ContentBrowser -> AssetTools -> Landscape -> MeshBuilder -> MeshBoneReduction -> AnimationBlueprintLibrary -> AnimGraph -> GraphEditor -> Persona -> AudioEditor -> DetailCustomizations -> ComponentVisualizers (allowed via Documentation -> ContentBrowser, AssetTools -> Landscape, AnimGraph -> GraphEditor, GraphEditor -> Persona, AudioEditor -> DetailCustomizations)
* ComponentVisualizers -> Engine -> Kismet -> BlueprintEditorLibrary -> BlueprintGraph -> AssetTools -> Landscape -> MeshBuilder -> MeshBoneReduction -> AnimationBlueprintLibrary -> AnimGraph -> GraphEditor -> Persona -> AudioEditor -> DetailCustomizations -> ComponentVisualizers (allowed via Engine -> Kismet, AssetTools -> Landscape, AnimGraph -> GraphEditor, GraphEditor -> Persona, AudioEditor -> DetailCustomizations)
* ComponentVisualizers -> LevelEditor -> SubobjectEditor -> Kismet -> BlueprintEditorLibrary -> BlueprintGraph -> AssetTools -> Landscape -> MeshBuilder -> MeshBoneReduction -> AnimationBlueprintLibrary -> AnimGraph -> GraphEditor -> Persona -> AudioEditor -> DetailCustomizations -> ComponentVisualizers (allowed via Kismet -> SubobjectEditor, AssetTools -> Landscape, AnimGraph -> GraphEditor, GraphEditor -> Persona, AudioEditor -> DetailCustomizations)
* ComponentVisualizers -> UnrealEd -> UniversalObjectLocatorEditor -> Sequencer -> MovieSceneCaptureDialog -> MovieSceneTools -> KismetCompiler -> Kismet -> BlueprintEditorLibrary -> BlueprintGraph -> AssetTools -> Landscape -> MeshBuilder -> MeshBoneReduction -> AnimationBlueprintLibrary -> AnimGraph -> GraphEditor -> Persona -> AudioEditor -> DetailCustomizations -> ComponentVisualizers (allowed via UnrealEd -> UniversalObjectLocatorEditor, Sequencer -> UniversalObjectLocatorEditor, Kismet -> KismetCompiler, AssetTools -> Landscape, AnimGraph -> GraphEditor, GraphEditor -> Persona, AudioEditor -> DetailCustomizations)
Allowed circular dependency for 'Source\Editor\ConfigEditor\ConfigEditor.Build.cs' detected:
* ConfigEditor -> TargetPlatform -> Engine -> Kismet -> BlueprintEditorLibrary -> BlueprintGraph -> AssetTools -> Landscape -> MeshBuilder -> MeshBoneReduction -> AnimationBlueprintLibrary -> AnimGraph -> GraphEditor -> Persona -> AudioEditor -> DetailCustomizations -> ConfigEditor (allowed via Engine -> Kismet, AssetTools -> Landscape, AnimGraph -> GraphEditor, GraphEditor -> Persona, AudioEditor -> DetailCustomizations)
* ConfigEditor -> SourceControl -> UnrealEd -> FunctionalTesting -> AIModule -> Engine -> Kismet -> BlueprintEditorLibrary -> BlueprintGraph -> AssetTools -> Landscape -> MeshBuilder -> MeshBoneReduction -> AnimationBlueprintLibrary -> AnimGraph -> GraphEditor -> Persona -> AudioEditor -> DetailCustomizations -> ConfigEditor (allowed via SourceControl -> UnrealEd, FunctionalTesting -> UnrealEd, Engine -> Kismet, AssetTools -> Landscape, AnimGraph -> GraphEditor, GraphEditor -> Persona, AudioEditor -> DetailCustomizations)
* ConfigEditor -> PropertyEditor -> CQTest -> LevelEditor -> ActionableMessage -> UnrealEd -> FunctionalTesting -> AIModule -> Engine -> Kismet -> BlueprintEditorLibrary -> BlueprintGraph -> AssetTools -> Landscape -> MeshBuilder -> MeshBoneReduction -> AnimationBlueprintLibrary -> AnimGraph -> GraphEditor -> Persona -> AudioEditor -> DetailCustomizations -> ConfigEditor (allowed via ConfigEditor -> PropertyEditor, FunctionalTesting -> UnrealEd, Engine -> Kismet, AssetTools -> Landscape, AnimGraph -> GraphEditor, GraphEditor -> Persona, AudioEditor -> DetailCustomizations)
Allowed circular dependency for 'Source\Runtime\Experimental\Animation\Constraints\Constraints.Build.cs' detected:
* Constraints -> Engine -> Kismet -> BlueprintEditorLibrary -> BlueprintGraph -> AssetTools -> Landscape -> MeshBuilder -> MeshBoneReduction -> AnimationBlueprintLibrary -> AnimGraph -> GraphEditor -> Persona -> AudioEditor -> DetailCustomizations -> MovieSceneTools -> Constraints (allowed via Engine -> Kismet, AssetTools -> Landscape, AnimGraph -> GraphEditor, GraphEditor -> Persona, AudioEditor -> DetailCustomizations)
Allowed circular dependency for 'Source\Editor\ContentBrowser\ContentBrowser.Build.cs' detected:
* ContentBrowser -> UnrealEd -> AudioEditor -> DetailCustomizations -> SkeletonEditor -> AnimationWidgets -> GraphEditor -> Persona -> AnimationModifiers -> AnimationBlueprintLibrary -> AnimGraph -> ContentBrowser (allowed via UnrealEd -> AudioEditor, AudioEditor -> DetailCustomizations, GraphEditor -> Persona, AnimGraph -> ContentBrowser)
* ContentBrowser -> AssetTools -> Kismet -> UMGEditor -> DetailCustomizations -> SkeletonEditor -> AnimationWidgets -> GraphEditor -> Persona -> AnimationModifiers -> AnimationBlueprintLibrary -> AnimGraph -> ContentBrowser (allowed via AssetTools -> Kismet, Kismet -> UMGEditor, GraphEditor -> Persona, AnimGraph -> ContentBrowser)
* ContentBrowser -> Documentation -> MainFrame -> UATHelper -> GameProjectGeneration -> ClassViewer -> PropertyEditor -> CQTest -> LevelEditor -> KismetWidgets -> BlueprintGraph -> Kismet -> UMGEditor -> DetailCustomizations -> SkeletonEditor -> AnimationWidgets -> GraphEditor -> Persona -> AnimationModifiers -> AnimationBlueprintLibrary -> AnimGraph -> ContentBrowser (allowed via Documentation -> ContentBrowser, KismetWidgets -> BlueprintGraph, BlueprintGraph -> Kismet, Kismet -> UMGEditor, GraphEditor -> Persona, AnimGraph -> ContentBrowser)
* ContentBrowser -> Engine -> MaterialUtilities -> MaterialBaking -> MainFrame -> UATHelper -> GameProjectGeneration -> ClassViewer -> PropertyEditor -> CQTest -> LevelEditor -> KismetWidgets -> BlueprintGraph -> Kismet -> UMGEditor -> DetailCustomizations -> SkeletonEditor -> AnimationWidgets -> GraphEditor -> Persona -> AnimationModifiers -> AnimationBlueprintLibrary -> AnimGraph -> ContentBrowser (allowed via Engine -> MaterialUtilities, KismetWidgets -> BlueprintGraph, BlueprintGraph -> Kismet, Kismet -> UMGEditor, GraphEditor -> Persona, AnimGraph -> ContentBrowser)
Allowed circular dependency for 'Source\Editor\ContentBrowserData\ContentBrowserData.Build.cs' detected:
* ContentBrowserData -> Engine -> Kismet -> BlueprintEditorLibrary -> BlueprintGraph -> AssetTools -> Landscape -> MeshBuilder -> MeshBoneReduction -> AnimationBlueprintLibrary -> AnimGraph -> GraphEditor -> Persona -> AudioEditor -> UMGEditor -> Blutility -> ContentBrowserData (allowed via Engine -> Kismet, AssetTools -> Landscape, AnimGraph -> GraphEditor, GraphEditor -> Persona, UMGEditor -> Blutility)
* ContentBrowserData -> UnrealEd -> FoliageEdit -> DetailCustomizations -> Kismet -> BlueprintEditorLibrary -> BlueprintGraph -> AssetTools -> Landscape -> MeshBuilder -> MeshBoneReduction -> AnimationBlueprintLibrary -> AnimGraph -> GraphEditor -> Persona -> AudioEditor -> UMGEditor -> Blutility -> ContentBrowserData (allowed via UnrealEd -> FoliageEdit, AssetTools -> Landscape, AnimGraph -> GraphEditor, GraphEditor -> Persona, UMGEditor -> Blutility)
Allowed circular dependency for 'Source\Developer\CookOnTheFlyNetServer\CookOnTheFlyNetServer.Build.cs' detected:
* CookOnTheFlyNetServer -> TargetPlatform -> Engine -> Kismet -> BlueprintEditorLibrary -> BlueprintGraph -> AssetTools -> Landscape -> MeshBuilder -> MeshBoneReduction -> AnimationBlueprintLibrary -> AnimGraph -> GraphEditor -> Persona -> AudioEditor -> DetailCustomizations -> ComponentVisualizers -> AIModule -> UnrealEd -> NetworkFileSystem -> CookOnTheFlyNetServer (allowed via Engine -> Kismet, AssetTools -> Landscape, AnimGraph -> GraphEditor, GraphEditor -> Persona, AudioEditor -> DetailCustomizations)
Allowed circular dependency for 'Source\Editor\CurveEditor\CurveEditor.Build.cs' detected:
* CurveEditor -> UMG -> MovieSceneTracks -> BlueprintGraph -> AssetTools -> Landscape -> MeshBuilder -> MeshBoneReduction -> AnimationBlueprintLibrary -> AnimGraph -> GraphEditor -> Persona -> AudioEditor -> DetailCustomizations -> MovieSceneTools -> CurveEditor (allowed via AssetTools -> Landscape, AnimGraph -> GraphEditor, GraphEditor -> Persona, AudioEditor -> DetailCustomizations)
* CurveEditor -> Engine -> Kismet -> BlueprintEditorLibrary -> BlueprintGraph -> AssetTools -> Landscape -> MeshBuilder -> MeshBoneReduction -> AnimationBlueprintLibrary -> AnimGraph -> GraphEditor -> Persona -> AudioEditor -> DetailCustomizations -> MovieSceneTools -> CurveEditor (allowed via Engine -> Kismet, AssetTools -> Landscape, AnimGraph -> GraphEditor, GraphEditor -> Persona, AudioEditor -> DetailCustomizations)
* CurveEditor -> PropertyEditor -> CQTest -> LevelEditor -> SubobjectEditor -> Kismet -> BlueprintEditorLibrary -> BlueprintGraph -> AssetTools -> Landscape -> MeshBuilder -> MeshBoneReduction -> AnimationBlueprintLibrary -> AnimGraph -> GraphEditor -> Persona -> AudioEditor -> DetailCustomizations -> MovieSceneTools -> CurveEditor (allowed via Kismet -> SubobjectEditor, AssetTools -> Landscape, AnimGraph -> GraphEditor, GraphEditor -> Persona, AudioEditor -> DetailCustomizations)
* CurveEditor -> UnrealEd -> EditorInteractiveToolsFramework -> LevelEditor -> SubobjectEditor -> Kismet -> BlueprintEditorLibrary -> BlueprintGraph -> AssetTools -> Landscape -> MeshBuilder -> MeshBoneReduction -> AnimationBlueprintLibrary -> AnimGraph -> GraphEditor -> Persona -> AudioEditor -> DetailCustomizations -> MovieSceneTools -> CurveEditor (allowed via UnrealEd -> CurveEditor, Kismet -> SubobjectEditor, AssetTools -> Landscape, AnimGraph -> GraphEditor, GraphEditor -> Persona, AudioEditor -> DetailCustomizations)
Allowed circular dependency for 'Source\Runtime\Windows\D3D11RHI\D3D11RHI.Build.cs' detected:
* D3D11RHI -> Engine -> Kismet -> BlueprintEditorLibrary -> BlueprintGraph -> AssetTools -> Landscape -> MeshBuilder -> MeshBoneReduction -> AnimationBlueprintLibrary -> AnimGraph -> GraphEditor -> Persona -> AudioEditor -> DetailCustomizations -> ComponentVisualizers -> AIModule -> UnrealEd -> GameplayMediaEncoder -> AVEncoder -> D3D11RHI (allowed via Engine -> Kismet, AssetTools -> Landscape, AnimGraph -> GraphEditor, GraphEditor -> Persona, AudioEditor -> DetailCustomizations)
* D3D11RHI -> HeadMountedDisplay -> Renderer -> MaterialShaderQualitySettings -> PropertyEditor -> CQTest -> LevelEditor -> SubobjectEditor -> Kismet -> BlueprintEditorLibrary -> BlueprintGraph -> AssetTools -> Landscape -> MeshBuilder -> MeshBoneReduction -> AnimationBlueprintLibrary -> AnimGraph -> GraphEditor -> Persona -> AudioEditor -> DetailCustomizations -> ComponentVisualizers -> AIModule -> UnrealEd -> GameplayMediaEncoder -> AVEncoder -> D3D11RHI (allowed via Kismet -> SubobjectEditor, AssetTools -> Landscape, AnimGraph -> GraphEditor, GraphEditor -> Persona, AudioEditor -> DetailCustomizations)
Allowed circular dependency for 'Source\Runtime\D3D12RHI\D3D12RHI.Build.cs' detected:
* D3D12RHI -> Engine -> Kismet -> BlueprintEditorLibrary -> BlueprintGraph -> AssetTools -> Landscape -> MeshBuilder -> MeshBoneReduction -> AnimationBlueprintLibrary -> AnimGraph -> GraphEditor -> Persona -> AudioEditor -> DetailCustomizations -> ComponentVisualizers -> AIModule -> UnrealEd -> GameplayMediaEncoder -> AVEncoder -> D3D12RHI (allowed via Engine -> Kismet, AssetTools -> Landscape, AnimGraph -> GraphEditor, GraphEditor -> Persona, AudioEditor -> DetailCustomizations)
* D3D12RHI -> HeadMountedDisplay -> Renderer -> MaterialShaderQualitySettings -> PropertyEditor -> CQTest -> LevelEditor -> SubobjectEditor -> Kismet -> BlueprintEditorLibrary -> BlueprintGraph -> AssetTools -> Landscape -> MeshBuilder -> MeshBoneReduction -> AnimationBlueprintLibrary -> AnimGraph -> GraphEditor -> Persona -> AudioEditor -> DetailCustomizations -> ComponentVisualizers -> AIModule -> UnrealEd -> GameplayMediaEncoder -> AVEncoder -> D3D12RHI (allowed via Kismet -> SubobjectEditor, AssetTools -> Landscape, AnimGraph -> GraphEditor, GraphEditor -> Persona, AudioEditor -> DetailCustomizations)
Allowed circular dependency for 'Source\Editor\DataLayerEditor\DataLayerEditor.Build.cs' detected:
* DataLayerEditor -> UnrealEd -> FoliageEdit -> DataLayerEditor (allowed via UnrealEd -> DataLayerEditor)
* DataLayerEditor -> PropertyEditor -> Documentation -> MainFrame -> TranslationEditor -> GraphEditor -> Persona -> AudioEditor -> LevelEditor -> DataLayerEditor (allowed via GraphEditor -> Persona)
* DataLayerEditor -> AssetTools -> Landscape -> MeshBuilder -> MeshBoneReduction -> AnimationBlueprintLibrary -> AnimGraph -> GraphEditor -> Persona -> AudioEditor -> LevelEditor -> DataLayerEditor (allowed via AssetTools -> Landscape, AnimGraph -> GraphEditor, GraphEditor -> Persona)
* DataLayerEditor -> Engine -> CinematicCamera -> MovieSceneTracks -> BlueprintGraph -> Kismet -> UMGEditor -> DetailCustomizations -> Landscape -> MeshBuilder -> MeshBoneReduction -> AnimationBlueprintLibrary -> AnimGraph -> GraphEditor -> Persona -> AudioEditor -> LevelEditor -> DataLayerEditor (allowed via Engine -> CinematicCamera, BlueprintGraph -> Kismet, Kismet -> UMGEditor, AnimGraph -> GraphEditor, GraphEditor -> Persona)
Allowed circular dependency for 'Source\Editor\DataTableEditor\DataTableEditor.Build.cs' detected:
* DataTableEditor -> Engine -> Kismet -> BlueprintEditorLibrary -> BlueprintGraph -> AssetTools -> Landscape -> MeshBuilder -> MeshBoneReduction -> AnimationBlueprintLibrary -> AnimGraph -> GraphEditor -> Persona -> AudioEditor -> DetailCustomizations -> DataTableEditor (allowed via Engine -> Kismet, AssetTools -> Landscape, AnimGraph -> GraphEditor, GraphEditor -> Persona, AudioEditor -> DetailCustomizations)
* DataTableEditor -> PropertyEditor -> CQTest -> LevelEditor -> SubobjectEditor -> Kismet -> BlueprintEditorLibrary -> BlueprintGraph -> AssetTools -> Landscape -> MeshBuilder -> MeshBoneReduction -> AnimationBlueprintLibrary -> AnimGraph -> GraphEditor -> Persona -> AudioEditor -> DetailCustomizations -> DataTableEditor (allowed via Kismet -> SubobjectEditor, AssetTools -> Landscape, AnimGraph -> GraphEditor, GraphEditor -> Persona, AudioEditor -> DetailCustomizations)
* DataTableEditor -> UnrealEd -> UniversalObjectLocatorEditor -> Sequencer -> MovieSceneCaptureDialog -> MovieSceneTools -> KismetCompiler -> Kismet -> BlueprintEditorLibrary -> BlueprintGraph -> AssetTools -> Landscape -> MeshBuilder -> MeshBoneReduction -> AnimationBlueprintLibrary -> AnimGraph -> GraphEditor -> Persona -> AudioEditor -> DetailCustomizations -> DataTableEditor (allowed via UnrealEd -> UniversalObjectLocatorEditor, Sequencer -> UniversalObjectLocatorEditor, Kismet -> KismetCompiler, AssetTools -> Landscape, AnimGraph -> GraphEditor, GraphEditor -> Persona, AudioEditor -> DetailCustomizations)
Allowed circular dependency for 'Source\Runtime\Experimental\Dataflow\Engine\DataflowEngine.Build.cs' detected:
* DataflowEngine -> Engine -> Kismet -> BlueprintEditorLibrary -> BlueprintGraph -> AssetTools -> Landscape -> ActionableMessage -> UnrealEd -> AudioEditor -> DetailCustomizations -> SkeletonEditor -> AnimationWidgets -> GraphEditor -> Persona -> AnimationModifiers -> AnimationBlueprintLibrary -> AnimGraph -> AnimGraphRuntime -> GeometryCollectionEngine -> FieldSystemEngine -> ChaosSolverEngine -> DataflowEngine (allowed via Engine -> Kismet, AssetTools -> Landscape, UnrealEd -> AudioEditor, AudioEditor -> DetailCustomizations, GraphEditor -> Persona)
Allowed circular dependency for 'Source\Runtime\Experimental\Dataflow\Simulation\DataflowSimulation.Build.cs' detected:
* DataflowSimulation -> UnrealEd -> AudioEditor -> DetailCustomizations -> SkeletonEditor -> AnimationWidgets -> GraphEditor -> Persona -> AnimationModifiers -> AnimationBlueprintLibrary -> AnimGraph -> AnimGraphRuntime -> GeometryCollectionEngine -> FieldSystemEngine -> ChaosSolverEngine -> DataflowSimulation (allowed via UnrealEd -> AudioEditor, AudioEditor -> DetailCustomizations, GraphEditor -> Persona)
* DataflowSimulation -> Engine -> MaterialUtilities -> MaterialBaking -> MainFrame -> UATHelper -> GameProjectGeneration -> ClassViewer -> PropertyEditor -> CQTest -> LevelEditor -> KismetWidgets -> BlueprintGraph -> AssetTools -> Kismet -> UMGEditor -> DetailCustomizations -> SkeletonEditor -> AnimationWidgets -> GraphEditor -> Persona -> AnimationModifiers -> AnimationBlueprintLibrary -> AnimGraph -> AnimGraphRuntime -> GeometryCollectionEngine -> FieldSystemEngine -> ChaosSolverEngine -> DataflowSimulation (allowed via Engine -> MaterialUtilities, KismetWidgets -> BlueprintGraph, AssetTools -> Kismet, Kismet -> UMGEditor, GraphEditor -> Persona)
Allowed circular dependency for 'Source\Editor\DerivedDataEditor\DerivedDataEditor.Build.cs' detected:
* DerivedDataEditor -> OutputLog -> StatusBar -> SourceControlWindows -> AssetTools -> Landscape -> MeshBuilder -> MeshBoneReduction -> AnimationBlueprintLibrary -> AnimGraph -> GraphEditor -> Persona -> AudioEditor -> LevelEditor -> DerivedDataEditor (allowed via AssetTools -> Landscape, AnimGraph -> GraphEditor, GraphEditor -> Persona)
* DerivedDataEditor -> Engine -> Kismet -> BlueprintEditorLibrary -> BlueprintGraph -> AssetTools -> Landscape -> MeshBuilder -> MeshBoneReduction -> AnimationBlueprintLibrary -> AnimGraph -> GraphEditor -> Persona -> AudioEditor -> LevelEditor -> DerivedDataEditor (allowed via Engine -> Kismet, AssetTools -> Landscape, AnimGraph -> GraphEditor, GraphEditor -> Persona)
* DerivedDataEditor -> UnrealEd -> FoliageEdit -> DetailCustomizations -> Kismet -> BlueprintEditorLibrary -> BlueprintGraph -> AssetTools -> Landscape -> MeshBuilder -> MeshBoneReduction -> AnimationBlueprintLibrary -> AnimGraph -> GraphEditor -> Persona -> AudioEditor -> LevelEditor -> DerivedDataEditor (allowed via UnrealEd -> FoliageEdit, AssetTools -> Landscape, AnimGraph -> GraphEditor, GraphEditor -> Persona)
Allowed circular dependency for 'Source\Editor\DerivedDataWidgets\DerivedDataWidgets.Build.cs' detected:
* DerivedDataWidgets -> OutputLog -> StatusBar -> SourceControlWindows -> AssetTools -> Landscape -> MeshBuilder -> MeshBoneReduction -> AnimationBlueprintLibrary -> AnimGraph -> GraphEditor -> Persona -> AudioEditor -> LevelEditor -> DerivedDataEditor -> DerivedDataWidgets (allowed via AssetTools -> Landscape, AnimGraph -> GraphEditor, GraphEditor -> Persona)
* DerivedDataWidgets -> Engine -> Kismet -> BlueprintEditorLibrary -> BlueprintGraph -> AssetTools -> Landscape -> MeshBuilder -> MeshBoneReduction -> AnimationBlueprintLibrary -> AnimGraph -> GraphEditor -> Persona -> AudioEditor -> LevelEditor -> DerivedDataEditor -> DerivedDataWidgets (allowed via Engine -> Kismet, AssetTools -> Landscape, AnimGraph -> GraphEditor, GraphEditor -> Persona)
* DerivedDataWidgets -> UnrealEd -> FoliageEdit -> DetailCustomizations -> Kismet -> BlueprintEditorLibrary -> BlueprintGraph -> AssetTools -> Landscape -> MeshBuilder -> MeshBoneReduction -> AnimationBlueprintLibrary -> AnimGraph -> GraphEditor -> Persona -> AudioEditor -> LevelEditor -> DerivedDataEditor -> DerivedDataWidgets (allowed via UnrealEd -> FoliageEdit, AssetTools -> Landscape, AnimGraph -> GraphEditor, GraphEditor -> Persona)
Allowed circular dependency for 'Source\Editor\DetailCustomizations\DetailCustomizations.Build.cs' detected:
* DetailCustomizations -> Kismet -> UMGEditor -> DetailCustomizations (allowed via Kismet -> UMGEditor)
* DetailCustomizations -> GraphEditor -> Persona -> AudioEditor -> DetailCustomizations (allowed via GraphEditor -> Persona, AudioEditor -> DetailCustomizations)
* DetailCustomizations -> SkeletonEditor -> Persona -> AudioEditor -> DetailCustomizations (allowed via AudioEditor -> DetailCustomizations)
* DetailCustomizations -> Landscape -> MeshUtilities -> Persona -> AudioEditor -> DetailCustomizations (allowed via Landscape -> MeshUtilities, AudioEditor -> DetailCustomizations)
* DetailCustomizations -> UnrealEd -> MeshBuilder -> MeshUtilities -> Persona -> AudioEditor -> DetailCustomizations (allowed via UnrealEd -> MeshBuilder, AudioEditor -> DetailCustomizations)
Allowed circular dependency for 'Source\Editor\DeviceProfileEditor\DeviceProfileEditor.Build.cs' detected:
* DeviceProfileEditor -> SourceControl -> UnrealEd -> AudioEditor -> UMGEditor -> Blutility -> Kismet -> BlueprintEditorLibrary -> BlueprintGraph -> AssetTools -> Landscape -> MeshBuilder -> MeshBoneReduction -> AnimationBlueprintLibrary -> AnimGraph -> GraphEditor -> Persona -> AnimationModifiers -> MainFrame -> DeviceProfileEditor (allowed via SourceControl -> UnrealEd, UnrealEd -> AudioEditor, UMGEditor -> Blutility, AssetTools -> Landscape, AnimGraph -> GraphEditor, GraphEditor -> Persona)
* DeviceProfileEditor -> WorkspaceMenuStructure -> EditorStyle -> UnrealEd -> AudioEditor -> UMGEditor -> Blutility -> Kismet -> BlueprintEditorLibrary -> BlueprintGraph -> AssetTools -> Landscape -> MeshBuilder -> MeshBoneReduction -> AnimationBlueprintLibrary -> AnimGraph -> GraphEditor -> Persona -> AnimationModifiers -> MainFrame -> DeviceProfileEditor (allowed via UnrealEd -> AudioEditor, UMGEditor -> Blutility, AssetTools -> Landscape, AnimGraph -> GraphEditor, GraphEditor -> Persona)
* DeviceProfileEditor -> Engine -> MaterialEditor -> AdvancedPreviewScene -> UnrealEd -> AudioEditor -> UMGEditor -> Blutility -> Kismet -> BlueprintEditorLibrary -> BlueprintGraph -> AssetTools -> Landscape -> MeshBuilder -> MeshBoneReduction -> AnimationBlueprintLibrary -> AnimGraph -> GraphEditor -> Persona -> AnimationModifiers -> MainFrame -> DeviceProfileEditor (allowed via UnrealEd -> AudioEditor, UMGEditor -> Blutility, AssetTools -> Landscape, AnimGraph -> GraphEditor, GraphEditor -> Persona)
* DeviceProfileEditor -> PropertyEditor -> CQTest -> LevelEditor -> ActionableMessage -> UnrealEd -> AudioEditor -> UMGEditor -> Blutility -> Kismet -> BlueprintEditorLibrary -> BlueprintGraph -> AssetTools -> Landscape -> MeshBuilder -> MeshBoneReduction -> AnimationBlueprintLibrary -> AnimGraph -> GraphEditor -> Persona -> AnimationModifiers -> MainFrame -> DeviceProfileEditor (allowed via UnrealEd -> AudioEditor, UMGEditor -> Blutility, AssetTools -> Landscape, AnimGraph -> GraphEditor, GraphEditor -> Persona)
Allowed circular dependency for 'Source\Editor\DeviceProfileServices\DeviceProfileServices.Build.cs' detected:
* DeviceProfileServices -> Engine -> Kismet -> BlueprintEditorLibrary -> BlueprintGraph -> AssetTools -> Landscape -> MeshBuilder -> MeshBoneReduction -> AnimationBlueprintLibrary -> AnimGraph -> GraphEditor -> Persona -> AudioEditor -> LevelEditor -> DeviceProfileServices (allowed via Engine -> Kismet, AssetTools -> Landscape, AnimGraph -> GraphEditor, GraphEditor -> Persona)
* DeviceProfileServices -> UnrealEd -> FoliageEdit -> DetailCustomizations -> Kismet -> BlueprintEditorLibrary -> BlueprintGraph -> AssetTools -> Landscape -> MeshBuilder -> MeshBoneReduction -> AnimationBlueprintLibrary -> AnimGraph -> GraphEditor -> Persona -> AudioEditor -> LevelEditor -> DeviceProfileServices (allowed via UnrealEd -> FoliageEdit, AssetTools -> Landscape, AnimGraph -> GraphEditor, GraphEditor -> Persona)
Allowed circular dependency for 'Source\Editor\Documentation\Documentation.Build.cs' detected:
* Documentation -> ContentBrowser -> Documentation (allowed via Documentation -> ContentBrowser)
* Documentation -> Engine -> Kismet -> BlueprintEditorLibrary -> BlueprintGraph -> AssetTools -> Landscape -> MeshUtilities -> Persona -> AnimationModifiers -> AnimationBlueprintLibrary -> AnimGraph -> GraphEditor -> Documentation (allowed via Engine -> Kismet, AssetTools -> Landscape, Landscape -> MeshUtilities, AnimGraph -> GraphEditor)
* Documentation -> UnrealEd -> AudioEditor -> UMGEditor -> Blutility -> Kismet -> BlueprintEditorLibrary -> BlueprintGraph -> AssetTools -> Landscape -> MeshUtilities -> Persona -> AnimationModifiers -> AnimationBlueprintLibrary -> AnimGraph -> GraphEditor -> Documentation (allowed via UnrealEd -> Documentation, UMGEditor -> Blutility, AssetTools -> Landscape, Landscape -> MeshUtilities, AnimGraph -> GraphEditor)
* Documentation -> MainFrame -> UATHelper -> GameProjectGeneration -> ClassViewer -> PropertyEditor -> CQTest -> LevelEditor -> SubobjectEditor -> Kismet -> BlueprintEditorLibrary -> BlueprintGraph -> AssetTools -> Landscape -> MeshUtilities -> Persona -> AnimationModifiers -> AnimationBlueprintLibrary -> AnimGraph -> GraphEditor -> Documentation (allowed via Kismet -> SubobjectEditor, AssetTools -> Landscape, Landscape -> MeshUtilities, AnimGraph -> GraphEditor)
Allowed circular dependency for 'Source\Developer\DrawPrimitiveDebugger\DrawPrimitiveDebugger.Build.cs' detected:
* DrawPrimitiveDebugger -> Engine -> Kismet -> BlueprintEditorLibrary -> BlueprintGraph -> AssetTools -> Landscape -> MeshBuilder -> MeshBoneReduction -> AnimationBlueprintLibrary -> AnimGraph -> GraphEditor -> Persona -> AudioEditor -> DetailCustomizations -> ComponentVisualizers -> AIModule -> GameplayDebugger -> DrawPrimitiveDebugger (allowed via Engine -> Kismet, AssetTools -> Landscape, AnimGraph -> GraphEditor, GraphEditor -> Persona, AudioEditor -> DetailCustomizations)
* DrawPrimitiveDebugger -> Renderer -> MaterialShaderQualitySettings -> PropertyEditor -> CQTest -> LevelEditor -> ActionableMessage -> UnrealEd -> UniversalObjectLocatorEditor -> Sequencer -> MovieSceneCaptureDialog -> MovieSceneTools -> KismetCompiler -> Kismet -> BlueprintEditorLibrary -> BlueprintGraph -> AssetTools -> Landscape -> MeshBuilder -> MeshBoneReduction -> AnimationBlueprintLibrary -> AnimGraph -> GraphEditor -> Persona -> AudioEditor -> DetailCustomizations -> ComponentVisualizers -> AIModule -> GameplayDebugger -> DrawPrimitiveDebugger (allowed via UnrealEd -> UniversalObjectLocatorEditor, Sequencer -> UniversalObjectLocatorEditor, Kismet -> KismetCompiler, AssetTools -> Landscape, AnimGraph -> GraphEditor, GraphEditor -> Persona, AudioEditor -> DetailCustomizations)
Allowed circular dependency for 'Source\Editor\EditorConfig\EditorConfig.Build.cs' detected:
* EditorConfig -> UnrealEd -> AudioEditor -> DetailCustomizations -> SkeletonEditor -> AnimationWidgets -> GraphEditor -> Persona -> AnimationModifiers -> AnimationBlueprintLibrary -> AnimGraph -> ContentBrowser -> EditorConfig (allowed via UnrealEd -> AudioEditor, AudioEditor -> DetailCustomizations, GraphEditor -> Persona, AnimGraph -> ContentBrowser)
* EditorConfig -> Engine -> MaterialUtilities -> MaterialBaking -> MainFrame -> UATHelper -> GameProjectGeneration -> ClassViewer -> PropertyEditor -> CQTest -> LevelEditor -> KismetWidgets -> BlueprintGraph -> AssetTools -> Kismet -> UMGEditor -> DetailCustomizations -> SkeletonEditor -> AnimationWidgets -> GraphEditor -> Persona -> AnimationModifiers -> AnimationBlueprintLibrary -> AnimGraph -> ContentBrowser -> EditorConfig (allowed via Engine -> MaterialUtilities, KismetWidgets -> BlueprintGraph, AssetTools -> Kismet, Kismet -> UMGEditor, GraphEditor -> Persona, AnimGraph -> ContentBrowser)
Allowed circular dependency for 'Source\Editor\EditorFramework\EditorFramework.Build.cs' detected:
* EditorFramework -> Engine -> Kismet -> BlueprintEditorLibrary -> BlueprintGraph -> AssetTools -> Landscape -> MeshBuilder -> MeshBoneReduction -> AnimationBlueprintLibrary -> AnimGraph -> GraphEditor -> Persona -> AudioEditor -> DetailCustomizations -> ComponentVisualizers -> AIModule -> EditorFramework (allowed via Engine -> Kismet, AssetTools -> Landscape, AnimGraph -> GraphEditor, GraphEditor -> Persona, AudioEditor -> DetailCustomizations)
Allowed circular dependency for 'Source\Editor\Experimental\EditorInteractiveToolsFramework\EditorInteractiveToolsFramework.Build.cs' detected:
* EditorInteractiveToolsFramework -> UnrealEd -> AudioEditor -> DetailCustomizations -> SkeletonEditor -> AnimationWidgets -> GraphEditor -> Persona -> AnimationModifiers -> AnimationBlueprintLibrary -> AnimGraph -> AnimationEditMode -> EditorInteractiveToolsFramework (allowed via UnrealEd -> EditorInteractiveToolsFramework, AudioEditor -> DetailCustomizations, GraphEditor -> Persona)
* EditorInteractiveToolsFramework -> ContentBrowser -> AssetTools -> Kismet -> UMGEditor -> DetailCustomizations -> SkeletonEditor -> AnimationWidgets -> GraphEditor -> Persona -> AnimationModifiers -> AnimationBlueprintLibrary -> AnimGraph -> AnimationEditMode -> EditorInteractiveToolsFramework (allowed via AssetTools -> Kismet, Kismet -> UMGEditor, GraphEditor -> Persona)
* EditorInteractiveToolsFramework -> LevelEditor -> KismetWidgets -> BlueprintGraph -> AssetTools -> Kismet -> UMGEditor -> DetailCustomizations -> SkeletonEditor -> AnimationWidgets -> GraphEditor -> Persona -> AnimationModifiers -> AnimationBlueprintLibrary -> AnimGraph -> AnimationEditMode -> EditorInteractiveToolsFramework (allowed via KismetWidgets -> BlueprintGraph, AssetTools -> Kismet, Kismet -> UMGEditor, GraphEditor -> Persona)
* EditorInteractiveToolsFramework -> Engine -> CinematicCamera -> MovieSceneTracks -> BlueprintGraph -> AssetTools -> Kismet -> UMGEditor -> DetailCustomizations -> SkeletonEditor -> AnimationWidgets -> GraphEditor -> Persona -> AnimationModifiers -> AnimationBlueprintLibrary -> AnimGraph -> AnimationEditMode -> EditorInteractiveToolsFramework (allowed via Engine -> CinematicCamera, AssetTools -> Kismet, Kismet -> UMGEditor, GraphEditor -> Persona)
Allowed circular dependency for 'Source\Editor\EditorStyle\EditorStyle.Build.cs' detected:
* EditorStyle -> UnrealEd -> AudioEditor -> DetailCustomizations -> SkeletonEditor -> AnimationWidgets -> GraphEditor -> Persona -> AnimationModifiers -> AnimationBlueprintLibrary -> AnimGraph -> ContentBrowser -> EditorStyle (allowed via UnrealEd -> AudioEditor, AudioEditor -> DetailCustomizations, GraphEditor -> Persona, AnimGraph -> ContentBrowser)
Allowed circular dependency for 'Source\Editor\EditorSubsystem\EditorSubsystem.Build.cs' detected:
* EditorSubsystem -> Engine -> MaterialUtilities -> MaterialBaking -> MainFrame -> UATHelper -> GameProjectGeneration -> ClassViewer -> PropertyEditor -> CQTest -> LevelEditor -> KismetWidgets -> BlueprintGraph -> Kismet -> UMGEditor -> DetailCustomizations -> ComponentVisualizers -> AIModule -> UnrealEd -> AudioEditor -> Landscape -> MeshBuilder -> MeshBoneReduction -> AnimationBlueprintLibrary -> AnimGraph -> GraphEditor -> Persona -> AnimationModifiers -> AssetTools -> AssetDefinition -> EditorSubsystem (allowed via Engine -> MaterialUtilities, KismetWidgets -> BlueprintGraph, BlueprintGraph -> Kismet, Kismet -> UMGEditor, UnrealEd -> AudioEditor, AnimGraph -> GraphEditor, GraphEditor -> Persona)
Allowed circular dependency for 'Source\Editor\EditorWidgets\EditorWidgets.Build.cs' detected:
* EditorWidgets -> UnrealEd -> AudioEditor -> DetailCustomizations -> SkeletonEditor -> AnimationWidgets -> GraphEditor -> Persona -> AnimationModifiers -> AnimationBlueprintLibrary -> AnimGraph -> EditorWidgets (allowed via UnrealEd -> EditorWidgets, AudioEditor -> DetailCustomizations, GraphEditor -> Persona)
* EditorWidgets -> Engine -> MaterialUtilities -> MaterialBaking -> MainFrame -> UATHelper -> GameProjectGeneration -> ClassViewer -> PropertyEditor -> CQTest -> LevelEditor -> KismetWidgets -> BlueprintGraph -> AssetTools -> Kismet -> UMGEditor -> DetailCustomizations -> SkeletonEditor -> AnimationWidgets -> GraphEditor -> Persona -> AnimationModifiers -> AnimationBlueprintLibrary -> AnimGraph -> EditorWidgets (allowed via Engine -> MaterialUtilities, KismetWidgets -> BlueprintGraph, AssetTools -> Kismet, Kismet -> UMGEditor, GraphEditor -> Persona)
Allowed circular dependency for 'Source\Runtime\Engine\Engine.Build.cs' detected:
* Engine -> CollisionAnalyzer -> Engine (allowed via Engine -> CollisionAnalyzer)
* Engine -> GameplayTags -> Engine (allowed via Engine -> GameplayTags)
* Engine -> AudioMixer -> AudioLinkEngine -> Engine (allowed via Engine -> AudioMixer)
* Engine -> LogVisualizer -> EditorFramework -> Engine (allowed via Engine -> LogVisualizer)
* Engine -> Kismet -> UMGEditor -> DetailCustomizations -> ComponentVisualizers -> AIModule -> Engine (allowed via Engine -> Kismet, Kismet -> UMGEditor)
* Engine -> MaterialShaderQualitySettings -> PropertyEditor -> CQTest -> LevelEditor -> ActionableMessage -> Engine (allowed via Engine -> MaterialShaderQualitySettings)
* Engine -> GraphEditor -> Persona -> AudioEditor -> DetailCustomizations -> ComponentVisualizers -> AIModule -> Engine (allowed via GraphEditor -> Persona, AudioEditor -> DetailCustomizations)
* Engine -> Landscape -> MeshUtilities -> Persona -> AudioEditor -> DetailCustomizations -> ComponentVisualizers -> AIModule -> Engine (allowed via Engine -> Landscape, Landscape -> MeshUtilities, AudioEditor -> DetailCustomizations)
* Engine -> UnrealEd -> MeshBuilder -> MeshUtilities -> Persona -> AudioEditor -> DetailCustomizations -> ComponentVisualizers -> AIModule -> Engine (allowed via Engine -> UnrealEd, UnrealEd -> MeshBuilder, AudioEditor -> DetailCustomizations)
* Engine -> CinematicCamera -> MovieSceneTracks -> AnimationBlueprintLibrary -> AnimGraph -> PropertyEditor -> CQTest -> LevelEditor -> ActionableMessage -> Engine (allowed via Engine -> CinematicCamera, AnimGraph -> PropertyEditor)
* Engine -> UMG -> MovieSceneTracks -> AnimationBlueprintLibrary -> AnimGraph -> PropertyEditor -> CQTest -> LevelEditor -> ActionableMessage -> Engine (allowed via Engine -> UMG, AnimGraph -> PropertyEditor)
* Engine -> MaterialEditor -> MainFrame -> Documentation -> ContentBrowser -> AssetTools -> PropertyEditor -> CQTest -> LevelEditor -> ActionableMessage -> Engine (allowed via Documentation -> ContentBrowser)
* Engine -> MaterialUtilities -> MaterialBaking -> MainFrame -> Documentation -> ContentBrowser -> AssetTools -> PropertyEditor -> CQTest -> LevelEditor -> ActionableMessage -> Engine (allowed via Engine -> MaterialUtilities, Documentation -> ContentBrowser)
Allowed circular dependency for 'Source\Editor\EnvironmentLightingViewer\EnvironmentLightingViewer.Build.cs' detected:
* EnvironmentLightingViewer -> Engine -> Kismet -> BlueprintEditorLibrary -> BlueprintGraph -> AssetTools -> Landscape -> MeshBuilder -> MeshBoneReduction -> AnimationBlueprintLibrary -> AnimGraph -> GraphEditor -> Persona -> AudioEditor -> LevelEditor -> EnvironmentLightingViewer (allowed via Engine -> Kismet, AssetTools -> Landscape, AnimGraph -> GraphEditor, GraphEditor -> Persona)
* EnvironmentLightingViewer -> UnrealEd -> FoliageEdit -> DetailCustomizations -> Kismet -> BlueprintEditorLibrary -> BlueprintGraph -> AssetTools -> Landscape -> MeshBuilder -> MeshBoneReduction -> AnimationBlueprintLibrary -> AnimGraph -> GraphEditor -> Persona -> AudioEditor -> LevelEditor -> EnvironmentLightingViewer (allowed via UnrealEd -> FoliageEdit, AssetTools -> Landscape, AnimGraph -> GraphEditor, GraphEditor -> Persona)
Allowed circular dependency for 'Source\Developer\ExternalImagePicker\ExternalImagePicker.Build.cs' detected:
* ExternalImagePicker -> PropertyEditor -> CQTest -> LevelEditor -> ActionableMessage -> UnrealEd -> FunctionalTesting -> AIModule -> Engine -> Kismet -> BlueprintEditorLibrary -> BlueprintGraph -> AssetTools -> Landscape -> MeshBuilder -> MeshBoneReduction -> AnimationBlueprintLibrary -> AnimGraph -> GraphEditor -> Persona -> AudioEditor -> DetailCustomizations -> ExternalImagePicker (allowed via FunctionalTesting -> UnrealEd, Engine -> Kismet, AssetTools -> Landscape, AnimGraph -> GraphEditor, GraphEditor -> Persona, AudioEditor -> DetailCustomizations)
Allowed circular dependency for 'Source\Runtime\Experimental\FieldSystem\Source\FieldSystemEngine\FieldSystemEngine.Build.cs' detected:
* FieldSystemEngine -> ChaosSolverEngine -> DataflowSimulation -> UnrealEd -> AudioEditor -> DetailCustomizations -> SkeletonEditor -> AnimationWidgets -> GraphEditor -> Persona -> AnimationModifiers -> AnimationBlueprintLibrary -> AnimGraph -> AnimGraphRuntime -> GeometryCollectionEngine -> FieldSystemEngine (allowed via UnrealEd -> AudioEditor, AudioEditor -> DetailCustomizations, GraphEditor -> Persona)
* FieldSystemEngine -> Engine -> Kismet -> BlueprintEditorLibrary -> BlueprintGraph -> AssetTools -> Landscape -> ActionableMessage -> UnrealEd -> AudioEditor -> DetailCustomizations -> SkeletonEditor -> AnimationWidgets -> GraphEditor -> Persona -> AnimationModifiers -> AnimationBlueprintLibrary -> AnimGraph -> AnimGraphRuntime -> GeometryCollectionEngine -> FieldSystemEngine (allowed via Engine -> Kismet, AssetTools -> Landscape, UnrealEd -> AudioEditor, AudioEditor -> DetailCustomizations, GraphEditor -> Persona)
Allowed circular dependency for 'Source\Runtime\Foliage\Foliage.Build.cs' detected:
* Foliage -> Engine -> MaterialUtilities -> MaterialBaking -> MainFrame -> UATHelper -> GameProjectGeneration -> ClassViewer -> PropertyEditor -> CQTest -> LevelEditor -> KismetWidgets -> BlueprintGraph -> Kismet -> UMGEditor -> DetailCustomizations -> ComponentVisualizers -> AIModule -> UnrealEd -> AudioEditor -> Landscape -> MeshBuilder -> MeshBoneReduction -> AnimationBlueprintLibrary -> AnimGraph -> GraphEditor -> Persona -> AnimationModifiers -> AssetTools -> Foliage (allowed via Engine -> MaterialUtilities, KismetWidgets -> BlueprintGraph, BlueprintGraph -> Kismet, Kismet -> UMGEditor, UnrealEd -> AudioEditor, AnimGraph -> GraphEditor, GraphEditor -> Persona)
Allowed circular dependency for 'Source\Editor\FoliageEdit\FoliageEdit.build.cs' detected:
* FoliageEdit -> UnrealEd -> FoliageEdit (allowed via UnrealEd -> FoliageEdit)
Allowed circular dependency for 'Source\Developer\FunctionalTesting\FunctionalTesting.Build.cs' detected:
* FunctionalTesting -> UnrealEd -> FunctionalTesting (allowed via FunctionalTesting -> UnrealEd)
Allowed circular dependency for 'Source\Editor\GameProjectGeneration\GameProjectGeneration.Build.cs' detected:
* GameProjectGeneration -> AssetTools -> Landscape -> MeshBuilder -> MeshBoneReduction -> AnimationBlueprintLibrary -> AnimGraph -> GraphEditor -> Persona -> AudioEditor -> GameProjectGeneration (allowed via AssetTools -> Landscape, AnimGraph -> GraphEditor, GraphEditor -> Persona)
* GameProjectGeneration -> UnrealEd -> FoliageEdit -> DetailCustomizations -> Landscape -> MeshBuilder -> MeshBoneReduction -> AnimationBlueprintLibrary -> AnimGraph -> GraphEditor -> Persona -> AudioEditor -> GameProjectGeneration (allowed via UnrealEd -> GameProjectGeneration, AnimGraph -> GraphEditor, GraphEditor -> Persona)
* GameProjectGeneration -> ClassViewer -> PropertyEditor -> CQTest -> LevelEditor -> KismetWidgets -> BlueprintGraph -> Kismet -> UMGEditor -> DetailCustomizations -> Landscape -> MeshBuilder -> MeshBoneReduction -> AnimationBlueprintLibrary -> AnimGraph -> GraphEditor -> Persona -> AudioEditor -> GameProjectGeneration (allowed via KismetWidgets -> BlueprintGraph, BlueprintGraph -> Kismet, Kismet -> UMGEditor, AnimGraph -> GraphEditor, GraphEditor -> Persona)
* GameProjectGeneration -> Engine -> CinematicCamera -> MovieSceneTracks -> DataLayerEditor -> PropertyEditor -> CQTest -> LevelEditor -> KismetWidgets -> BlueprintGraph -> Kismet -> UMGEditor -> DetailCustomizations -> Landscape -> MeshBuilder -> MeshBoneReduction -> AnimationBlueprintLibrary -> AnimGraph -> GraphEditor -> Persona -> AudioEditor -> GameProjectGeneration (allowed via Engine -> CinematicCamera, KismetWidgets -> BlueprintGraph, BlueprintGraph -> Kismet, Kismet -> UMGEditor, AnimGraph -> GraphEditor, GraphEditor -> Persona)
* GameProjectGeneration -> AudioMixer -> HeadMountedDisplay -> Renderer -> MaterialShaderQualitySettings -> PropertyEditor -> CQTest -> LevelEditor -> KismetWidgets -> BlueprintGraph -> Kismet -> UMGEditor -> DetailCustomizations -> Landscape -> MeshBuilder -> MeshBoneReduction -> AnimationBlueprintLibrary -> AnimGraph -> GraphEditor -> Persona -> AudioEditor -> GameProjectGeneration (allowed via KismetWidgets -> BlueprintGraph, BlueprintGraph -> Kismet, Kismet -> UMGEditor, AnimGraph -> GraphEditor, GraphEditor -> Persona)
Allowed circular dependency for 'Source\Runtime\GameplayDebugger\GameplayDebugger.Build.cs' detected:
* GameplayDebugger -> Engine -> Kismet -> BlueprintEditorLibrary -> BlueprintGraph -> AssetTools -> Landscape -> MeshBuilder -> MeshBoneReduction -> AnimationBlueprintLibrary -> AnimGraph -> GraphEditor -> Persona -> AudioEditor -> DetailCustomizations -> ComponentVisualizers -> AIModule -> GameplayDebugger (allowed via Engine -> Kismet, AssetTools -> Landscape, AnimGraph -> GraphEditor, GraphEditor -> Persona, AudioEditor -> DetailCustomizations)
* GameplayDebugger -> LevelEditor -> SubobjectEditor -> Kismet -> BlueprintEditorLibrary -> BlueprintGraph -> AssetTools -> Landscape -> MeshBuilder -> MeshBoneReduction -> AnimationBlueprintLibrary -> AnimGraph -> GraphEditor -> Persona -> AudioEditor -> DetailCustomizations -> ComponentVisualizers -> AIModule -> GameplayDebugger (allowed via Kismet -> SubobjectEditor, AssetTools -> Landscape, AnimGraph -> GraphEditor, GraphEditor -> Persona, AudioEditor -> DetailCustomizations)
* GameplayDebugger -> DrawPrimitiveDebugger -> Renderer -> MaterialShaderQualitySettings -> PropertyEditor -> Documentation -> ContentBrowser -> AssetTools -> Landscape -> MeshBuilder -> MeshBoneReduction -> AnimationBlueprintLibrary -> AnimGraph -> GraphEditor -> Persona -> AudioEditor -> DetailCustomizations -> ComponentVisualizers -> AIModule -> GameplayDebugger (allowed via Documentation -> ContentBrowser, AssetTools -> Landscape, AnimGraph -> GraphEditor, GraphEditor -> Persona, AudioEditor -> DetailCustomizations)
* GameplayDebugger -> UnrealEd -> UniversalObjectLocatorEditor -> Sequencer -> MovieSceneCaptureDialog -> MovieSceneTools -> KismetCompiler -> Kismet -> BlueprintEditorLibrary -> BlueprintGraph -> AssetTools -> Landscape -> MeshBuilder -> MeshBoneReduction -> AnimationBlueprintLibrary -> AnimGraph -> GraphEditor -> Persona -> AudioEditor -> DetailCustomizations -> ComponentVisualizers -> AIModule -> GameplayDebugger (allowed via UnrealEd -> UniversalObjectLocatorEditor, Sequencer -> UniversalObjectLocatorEditor, Kismet -> KismetCompiler, AssetTools -> Landscape, AnimGraph -> GraphEditor, GraphEditor -> Persona, AudioEditor -> DetailCustomizations)
Allowed circular dependency for 'Source\Editor\GameplayDebugger\GameplayDebuggerEditor.Build.cs' detected:
* GameplayDebuggerEditor -> PropertyEditor -> Documentation -> ContentBrowser -> AssetTools -> Landscape -> MeshBuilder -> MeshBoneReduction -> AnimationBlueprintLibrary -> AnimGraph -> GraphEditor -> Persona -> AudioEditor -> DetailCustomizations -> ComponentVisualizers -> AIModule -> GameplayDebuggerEditor (allowed via Documentation -> ContentBrowser, AssetTools -> Landscape, AnimGraph -> GraphEditor, GraphEditor -> Persona, AudioEditor -> DetailCustomizations)
* GameplayDebuggerEditor -> Engine -> Kismet -> BlueprintEditorLibrary -> BlueprintGraph -> AssetTools -> Landscape -> MeshBuilder -> MeshBoneReduction -> AnimationBlueprintLibrary -> AnimGraph -> GraphEditor -> Persona -> AudioEditor -> DetailCustomizations -> ComponentVisualizers -> AIModule -> GameplayDebuggerEditor (allowed via Engine -> Kismet, AssetTools -> Landscape, AnimGraph -> GraphEditor, GraphEditor -> Persona, AudioEditor -> DetailCustomizations)
* GameplayDebuggerEditor -> LevelEditor -> SubobjectEditor -> Kismet -> BlueprintEditorLibrary -> BlueprintGraph -> AssetTools -> Landscape -> MeshBuilder -> MeshBoneReduction -> AnimationBlueprintLibrary -> AnimGraph -> GraphEditor -> Persona -> AudioEditor -> DetailCustomizations -> ComponentVisualizers -> AIModule -> GameplayDebuggerEditor (allowed via Kismet -> SubobjectEditor, AssetTools -> Landscape, AnimGraph -> GraphEditor, GraphEditor -> Persona, AudioEditor -> DetailCustomizations)
* GameplayDebuggerEditor -> UnrealEd -> UniversalObjectLocatorEditor -> Sequencer -> MovieSceneCaptureDialog -> MovieSceneTools -> KismetCompiler -> Kismet -> BlueprintEditorLibrary -> BlueprintGraph -> AssetTools -> Landscape -> MeshBuilder -> MeshBoneReduction -> AnimationBlueprintLibrary -> AnimGraph -> GraphEditor -> Persona -> AudioEditor -> DetailCustomizations -> ComponentVisualizers -> AIModule -> GameplayDebuggerEditor (allowed via UnrealEd -> UniversalObjectLocatorEditor, Sequencer -> UniversalObjectLocatorEditor, Kismet -> KismetCompiler, AssetTools -> Landscape, AnimGraph -> GraphEditor, GraphEditor -> Persona, AudioEditor -> DetailCustomizations)
Allowed circular dependency for 'Source\Runtime\GameplayMediaEncoder\GameplayMediaEncoder.Build.cs' detected:
* GameplayMediaEncoder -> Engine -> Kismet -> BlueprintEditorLibrary -> BlueprintGraph -> AssetTools -> Landscape -> MeshBuilder -> MeshBoneReduction -> AnimationBlueprintLibrary -> AnimGraph -> GraphEditor -> Persona -> AudioEditor -> DetailCustomizations -> ComponentVisualizers -> AIModule -> UnrealEd -> GameplayMediaEncoder (allowed via Engine -> Kismet, AssetTools -> Landscape, AnimGraph -> GraphEditor, GraphEditor -> Persona, AudioEditor -> DetailCustomizations)
* GameplayMediaEncoder -> D3D11RHI -> HeadMountedDisplay -> Renderer -> MaterialShaderQualitySettings -> PropertyEditor -> CQTest -> LevelEditor -> SubobjectEditor -> Kismet -> BlueprintEditorLibrary -> BlueprintGraph -> AssetTools -> Landscape -> MeshBuilder -> MeshBoneReduction -> AnimationBlueprintLibrary -> AnimGraph -> GraphEditor -> Persona -> AudioEditor -> DetailCustomizations -> ComponentVisualizers -> AIModule -> UnrealEd -> GameplayMediaEncoder (allowed via Kismet -> SubobjectEditor, AssetTools -> Landscape, AnimGraph -> GraphEditor, GraphEditor -> Persona, AudioEditor -> DetailCustomizations)
* GameplayMediaEncoder -> AVEncoder -> D3D12RHI -> HeadMountedDisplay -> Renderer -> MaterialShaderQualitySettings -> PropertyEditor -> CQTest -> LevelEditor -> SubobjectEditor -> Kismet -> BlueprintEditorLibrary -> BlueprintGraph -> AssetTools -> Landscape -> MeshBuilder -> MeshBoneReduction -> AnimationBlueprintLibrary -> AnimGraph -> GraphEditor -> Persona -> AudioEditor -> DetailCustomizations -> ComponentVisualizers -> AIModule -> UnrealEd -> GameplayMediaEncoder (allowed via Kismet -> SubobjectEditor, AssetTools -> Landscape, AnimGraph -> GraphEditor, GraphEditor -> Persona, AudioEditor -> DetailCustomizations)
Allowed circular dependency for 'Source\Runtime\GameplayTags\GameplayTags.Build.cs' detected:
* GameplayTags -> Engine -> Kismet -> BlueprintEditorLibrary -> BlueprintGraph -> AssetTools -> Landscape -> MeshBuilder -> MeshBoneReduction -> AnimationBlueprintLibrary -> AnimGraph -> GraphEditor -> Persona -> AudioEditor -> DetailCustomizations -> ComponentVisualizers -> AIModule -> GameplayTags (allowed via Engine -> GameplayTags, AssetTools -> Landscape, AnimGraph -> GraphEditor, GraphEditor -> Persona, AudioEditor -> DetailCustomizations)
Allowed circular dependency for 'Source\Runtime\GameplayTasks\GameplayTasks.Build.cs' detected:
* GameplayTasks -> Engine -> Kismet -> BlueprintEditorLibrary -> BlueprintGraph -> AssetTools -> Landscape -> MeshBuilder -> MeshBoneReduction -> AnimationBlueprintLibrary -> AnimGraph -> GraphEditor -> Persona -> AudioEditor -> DetailCustomizations -> ComponentVisualizers -> AIModule -> GameplayTasks (allowed via Engine -> Kismet, AssetTools -> Landscape, AnimGraph -> GraphEditor, GraphEditor -> Persona, AudioEditor -> DetailCustomizations)
* GameplayTasks -> UnrealEd -> UniversalObjectLocatorEditor -> Sequencer -> MovieSceneCaptureDialog -> MovieSceneTools -> KismetCompiler -> Kismet -> BlueprintEditorLibrary -> BlueprintGraph -> AssetTools -> Landscape -> MeshBuilder -> MeshBoneReduction -> AnimationBlueprintLibrary -> AnimGraph -> GraphEditor -> Persona -> AudioEditor -> DetailCustomizations -> ComponentVisualizers -> AIModule -> GameplayTasks (allowed via GameplayTasks -> UnrealEd, UnrealEd -> UniversalObjectLocatorEditor, Sequencer -> UniversalObjectLocatorEditor, Kismet -> KismetCompiler, AssetTools -> Landscape, AnimGraph -> GraphEditor, GraphEditor -> Persona, AudioEditor -> DetailCustomizations)
Allowed circular dependency for 'Source\Runtime\Experimental\GeometryCollectionEngine\GeometryCollectionEngine.Build.cs' detected:
* GeometryCollectionEngine -> UnrealEd -> AudioEditor -> DetailCustomizations -> SkeletonEditor -> AnimationWidgets -> GraphEditor -> Persona -> AnimationModifiers -> AnimationBlueprintLibrary -> AnimGraph -> AnimGraphRuntime -> GeometryCollectionEngine (allowed via UnrealEd -> AudioEditor, AudioEditor -> DetailCustomizations, GraphEditor -> Persona)
* GeometryCollectionEngine -> Renderer -> MaterialShaderQualitySettings -> PropertyEditor -> CQTest -> LevelEditor -> KismetWidgets -> BlueprintGraph -> AssetTools -> Kismet -> UMGEditor -> DetailCustomizations -> SkeletonEditor -> AnimationWidgets -> GraphEditor -> Persona -> AnimationModifiers -> AnimationBlueprintLibrary -> AnimGraph -> AnimGraphRuntime -> GeometryCollectionEngine (allowed via KismetWidgets -> BlueprintGraph, AssetTools -> Kismet, Kismet -> UMGEditor, GraphEditor -> Persona)
* GeometryCollectionEngine -> Engine -> MaterialUtilities -> MaterialBaking -> MainFrame -> UATHelper -> GameProjectGeneration -> ClassViewer -> PropertyEditor -> CQTest -> LevelEditor -> KismetWidgets -> BlueprintGraph -> AssetTools -> Kismet -> UMGEditor -> DetailCustomizations -> SkeletonEditor -> AnimationWidgets -> GraphEditor -> Persona -> AnimationModifiers -> AnimationBlueprintLibrary -> AnimGraph -> AnimGraphRuntime -> GeometryCollectionEngine (allowed via Engine -> MaterialUtilities, KismetWidgets -> BlueprintGraph, AssetTools -> Kismet, Kismet -> UMGEditor, GraphEditor -> Persona)
Allowed circular dependency for 'Source\Editor\GraphEditor\GraphEditor.Build.cs' detected:
* GraphEditor -> KismetCompiler -> AnimGraph -> GraphEditor (allowed via AnimGraph -> KismetCompiler)
* GraphEditor -> Persona -> AnimationModifiers -> AnimationBlueprintLibrary -> AnimGraph -> GraphEditor (allowed via GraphEditor -> Persona, AnimGraph -> GraphEditor)
* GraphEditor -> BlueprintGraph -> AssetTools -> Landscape -> MeshBuilder -> MeshBoneReduction -> AnimationBlueprintLibrary -> AnimGraph -> GraphEditor (allowed via BlueprintGraph -> GraphEditor, AssetTools -> Landscape, AnimGraph -> GraphEditor)
* GraphEditor -> Documentation -> ContentBrowser -> AssetTools -> Landscape -> MeshBuilder -> MeshBoneReduction -> AnimationBlueprintLibrary -> AnimGraph -> GraphEditor (allowed via Documentation -> ContentBrowser, AssetTools -> Landscape, AnimGraph -> GraphEditor)
* GraphEditor -> Kismet -> UMGEditor -> Blutility -> AssetTools -> Landscape -> MeshBuilder -> MeshBoneReduction -> AnimationBlueprintLibrary -> AnimGraph -> GraphEditor (allowed via GraphEditor -> Kismet, Kismet -> UMGEditor, UMGEditor -> Blutility, AssetTools -> Landscape, AnimGraph -> GraphEditor)
* GraphEditor -> UnrealEd -> AudioEditor -> UMGEditor -> Blutility -> AssetTools -> Landscape -> MeshBuilder -> MeshBoneReduction -> AnimationBlueprintLibrary -> AnimGraph -> GraphEditor (allowed via UnrealEd -> GraphEditor, UMGEditor -> Blutility, AssetTools -> Landscape, AnimGraph -> GraphEditor)
* GraphEditor -> PropertyEditor -> CQTest -> LevelEditor -> ContentBrowser -> AssetTools -> Landscape -> MeshBuilder -> MeshBoneReduction -> AnimationBlueprintLibrary -> AnimGraph -> GraphEditor (allowed via AssetTools -> Landscape, AnimGraph -> GraphEditor)
* GraphEditor -> Engine -> CinematicCamera -> MovieSceneTracks -> DataLayerEditor -> AssetTools -> Landscape -> MeshBuilder -> MeshBoneReduction -> AnimationBlueprintLibrary -> AnimGraph -> GraphEditor (allowed via Engine -> CinematicCamera, AssetTools -> Landscape, AnimGraph -> GraphEditor)
Allowed circular dependency for 'Source\Editor\HardwareTargeting\HardwareTargeting.Build.cs' detected:
* HardwareTargeting -> Engine -> Kismet -> BlueprintEditorLibrary -> BlueprintGraph -> AssetTools -> Landscape -> MeshBuilder -> MeshBoneReduction -> AnimationBlueprintLibrary -> AnimGraph -> GraphEditor -> Persona -> AudioEditor -> DetailCustomizations -> HardwareTargeting (allowed via Engine -> Kismet, AssetTools -> Landscape, AnimGraph -> GraphEditor, GraphEditor -> Persona, AudioEditor -> DetailCustomizations)
* HardwareTargeting -> UnrealEd -> UniversalObjectLocatorEditor -> Sequencer -> MovieSceneCaptureDialog -> MovieSceneTools -> KismetCompiler -> Kismet -> BlueprintEditorLibrary -> BlueprintGraph -> AssetTools -> Landscape -> MeshBuilder -> MeshBoneReduction -> AnimationBlueprintLibrary -> AnimGraph -> GraphEditor -> Persona -> AudioEditor -> DetailCustomizations -> HardwareTargeting (allowed via UnrealEd -> UniversalObjectLocatorEditor, Sequencer -> UniversalObjectLocatorEditor, Kismet -> KismetCompiler, AssetTools -> Landscape, AnimGraph -> GraphEditor, GraphEditor -> Persona, AudioEditor -> DetailCustomizations)
Allowed circular dependency for 'Source\Runtime\HeadMountedDisplay\HeadMountedDisplay.Build.cs' detected:
* HeadMountedDisplay -> Renderer -> MaterialShaderQualitySettings -> PropertyEditor -> CQTest -> LevelEditor -> ActionableMessage -> UnrealEd -> FoliageEdit -> DetailCustomizations -> Kismet -> BlueprintEditorLibrary -> BlueprintGraph -> AssetTools -> Landscape -> MeshBuilder -> MeshBoneReduction -> AnimationBlueprintLibrary -> AnimGraph -> GraphEditor -> Persona -> AudioEditor -> AudioMixer -> HeadMountedDisplay (allowed via UnrealEd -> FoliageEdit, AssetTools -> Landscape, AnimGraph -> GraphEditor, GraphEditor -> Persona)
* HeadMountedDisplay -> Engine -> MaterialUtilities -> MaterialBaking -> MainFrame -> UATHelper -> GameProjectGeneration -> ClassViewer -> PropertyEditor -> CQTest -> LevelEditor -> ActionableMessage -> UnrealEd -> FoliageEdit -> DetailCustomizations -> Kismet -> BlueprintEditorLibrary -> BlueprintGraph -> AssetTools -> Landscape -> MeshBuilder -> MeshBoneReduction -> AnimationBlueprintLibrary -> AnimGraph -> GraphEditor -> Persona -> AudioEditor -> AudioMixer -> HeadMountedDisplay (allowed via Engine -> MaterialUtilities, UnrealEd -> FoliageEdit, AssetTools -> Landscape, AnimGraph -> GraphEditor, GraphEditor -> Persona)
Allowed circular dependency for 'Source\Editor\HierarchicalLODOutliner\HierarchicalLODOutliner.Build.cs' detected:
* HierarchicalLODOutliner -> PropertyEditor -> Documentation -> ContentBrowser -> AssetTools -> Landscape -> MeshBuilder -> MeshBoneReduction -> AnimationBlueprintLibrary -> AnimGraph -> GraphEditor -> Persona -> AudioEditor -> LevelEditor -> HierarchicalLODOutliner (allowed via Documentation -> ContentBrowser, AssetTools -> Landscape, AnimGraph -> GraphEditor, GraphEditor -> Persona)
* HierarchicalLODOutliner -> Engine -> Kismet -> BlueprintEditorLibrary -> BlueprintGraph -> AssetTools -> Landscape -> MeshBuilder -> MeshBoneReduction -> AnimationBlueprintLibrary -> AnimGraph -> GraphEditor -> Persona -> AudioEditor -> LevelEditor -> HierarchicalLODOutliner (allowed via Engine -> Kismet, AssetTools -> Landscape, AnimGraph -> GraphEditor, GraphEditor -> Persona)
* HierarchicalLODOutliner -> UnrealEd -> FoliageEdit -> DetailCustomizations -> Kismet -> BlueprintEditorLibrary -> BlueprintGraph -> AssetTools -> Landscape -> MeshBuilder -> MeshBoneReduction -> AnimationBlueprintLibrary -> AnimGraph -> GraphEditor -> Persona -> AudioEditor -> LevelEditor -> HierarchicalLODOutliner (allowed via HierarchicalLODOutliner -> UnrealEd, UnrealEd -> FoliageEdit, AssetTools -> Landscape, AnimGraph -> GraphEditor, GraphEditor -> Persona)
* HierarchicalLODOutliner -> HierarchicalLODUtilities -> MaterialUtilities -> MaterialBaking -> MainFrame -> Documentation -> ContentBrowser -> AssetTools -> Landscape -> MeshBuilder -> MeshBoneReduction -> AnimationBlueprintLibrary -> AnimGraph -> GraphEditor -> Persona -> AudioEditor -> LevelEditor -> HierarchicalLODOutliner (allowed via Documentation -> ContentBrowser, AssetTools -> Landscape, AnimGraph -> GraphEditor, GraphEditor -> Persona)
Allowed circular dependency for 'Source\Developer\HierarchicalLODUtilities\HierarchicalLODUtilities.Build.cs' detected:
* HierarchicalLODUtilities -> Engine -> Kismet -> BlueprintEditorLibrary -> BlueprintGraph -> AssetTools -> Landscape -> MeshBuilder -> MeshBoneReduction -> AnimationBlueprintLibrary -> AnimGraph -> GraphEditor -> Persona -> AudioEditor -> LevelEditor -> HierarchicalLODOutliner -> HierarchicalLODUtilities (allowed via Engine -> Kismet, AssetTools -> Landscape, AnimGraph -> GraphEditor, GraphEditor -> Persona)
* HierarchicalLODUtilities -> MaterialUtilities -> MaterialBaking -> MainFrame -> Documentation -> ContentBrowser -> AssetTools -> Landscape -> MeshBuilder -> MeshBoneReduction -> AnimationBlueprintLibrary -> AnimGraph -> GraphEditor -> Persona -> AudioEditor -> LevelEditor -> HierarchicalLODOutliner -> HierarchicalLODUtilities (allowed via Documentation -> ContentBrowser, AssetTools -> Landscape, AnimGraph -> GraphEditor, GraphEditor -> Persona)
* HierarchicalLODUtilities -> UnrealEd -> FoliageEdit -> DetailCustomizations -> Kismet -> BlueprintEditorLibrary -> BlueprintGraph -> AssetTools -> Landscape -> MeshBuilder -> MeshBoneReduction -> AnimationBlueprintLibrary -> AnimGraph -> GraphEditor -> Persona -> AudioEditor -> LevelEditor -> HierarchicalLODOutliner -> HierarchicalLODUtilities (allowed via UnrealEd -> HierarchicalLODUtilities, AssetTools -> Landscape, AnimGraph -> GraphEditor, GraphEditor -> Persona)
Allowed circular dependency for 'Source\Developer\HotReload\HotReload.Build.cs' detected:
* HotReload -> UnrealEd -> AudioEditor -> DetailCustomizations -> SkeletonEditor -> AnimationWidgets -> GraphEditor -> Persona -> AnimationModifiers -> AnimationBlueprintLibrary -> AnimGraph -> Kismet -> HotReload (allowed via UnrealEd -> AudioEditor, AudioEditor -> DetailCustomizations, GraphEditor -> Persona, AnimGraph -> Kismet)
* HotReload -> Engine -> MaterialUtilities -> MaterialBaking -> MainFrame -> Documentation -> ContentBrowser -> AssetTools -> PropertyEditor -> CQTest -> LevelEditor -> KismetWidgets -> BlueprintGraph -> GraphEditor -> Persona -> AnimationModifiers -> AnimationBlueprintLibrary -> AnimGraph -> Kismet -> HotReload (allowed via Engine -> MaterialUtilities, Documentation -> ContentBrowser, KismetWidgets -> BlueprintGraph, BlueprintGraph -> GraphEditor, GraphEditor -> Persona, AnimGraph -> Kismet)
Allowed circular dependency for 'Source\Runtime\Experimental\ISMPool\ISMPool.Build.cs' detected:
* ISMPool -> UnrealEd -> AudioEditor -> DetailCustomizations -> SkeletonEditor -> AnimationWidgets -> GraphEditor -> Persona -> AnimationModifiers -> AnimationBlueprintLibrary -> AnimGraph -> AnimGraphRuntime -> GeometryCollectionEngine -> ISMPool (allowed via UnrealEd -> AudioEditor, AudioEditor -> DetailCustomizations, GraphEditor -> Persona)
* ISMPool -> Engine -> MaterialUtilities -> MaterialBaking -> MainFrame -> UATHelper -> GameProjectGeneration -> ClassViewer -> PropertyEditor -> CQTest -> LevelEditor -> KismetWidgets -> BlueprintGraph -> AssetTools -> Kismet -> UMGEditor -> DetailCustomizations -> SkeletonEditor -> AnimationWidgets -> GraphEditor -> Persona -> AnimationModifiers -> AnimationBlueprintLibrary -> AnimGraph -> AnimGraphRuntime -> GeometryCollectionEngine -> ISMPool (allowed via Engine -> MaterialUtilities, KismetWidgets -> BlueprintGraph, AssetTools -> Kismet, Kismet -> UMGEditor, GraphEditor -> Persona)
Allowed circular dependency for 'Source\Runtime\ImageWriteQueue\ImageWriteQueue.Build.cs' detected:
* ImageWriteQueue -> Engine -> MaterialUtilities -> MaterialBaking -> MainFrame -> UATHelper -> GameProjectGeneration -> ClassViewer -> PropertyEditor -> CQTest -> LevelEditor -> ActionableMessage -> UnrealEd -> FoliageEdit -> DetailCustomizations -> Kismet -> BlueprintEditorLibrary -> BlueprintGraph -> AssetTools -> Landscape -> MeshBuilder -> MeshBoneReduction -> AnimationBlueprintLibrary -> AnimGraph -> GraphEditor -> Persona -> AudioEditor -> UMGEditor -> Blutility -> ImageWriteQueue (allowed via Engine -> MaterialUtilities, UnrealEd -> FoliageEdit, AssetTools -> Landscape, AnimGraph -> GraphEditor, GraphEditor -> Persona, UMGEditor -> Blutility)
Allowed circular dependency for 'Source\Runtime\InteractiveToolsFramework\InteractiveToolsFramework.Build.cs' detected:
* InteractiveToolsFramework -> Engine -> Kismet -> BlueprintEditorLibrary -> BlueprintGraph -> AssetTools -> Landscape -> ActionableMessage -> UnrealEd -> AudioEditor -> DetailCustomizations -> SkeletonEditor -> AnimationWidgets -> GraphEditor -> Persona -> AnimationModifiers -> AnimationBlueprintLibrary -> AnimGraph -> AnimationEditMode -> InteractiveToolsFramework (allowed via Engine -> Kismet, AssetTools -> Landscape, UnrealEd -> AudioEditor, AudioEditor -> DetailCustomizations, GraphEditor -> Persona)
Allowed circular dependency for 'Source\Runtime\Interchange\Engine\InterchangeEngine.Build.cs' detected:
* InterchangeEngine -> Engine -> MaterialUtilities -> MaterialBaking -> MainFrame -> UATHelper -> GameProjectGeneration -> ClassViewer -> PropertyEditor -> CQTest -> LevelEditor -> KismetWidgets -> BlueprintGraph -> Kismet -> UMGEditor -> DetailCustomizations -> ComponentVisualizers -> AIModule -> UnrealEd -> AudioEditor -> Landscape -> MeshBuilder -> MeshBoneReduction -> AnimationBlueprintLibrary -> AnimGraph -> GraphEditor -> Persona -> AnimationModifiers -> AssetTools -> InterchangeEngine (allowed via Engine -> MaterialUtilities, KismetWidgets -> BlueprintGraph, BlueprintGraph -> Kismet, Kismet -> UMGEditor, UnrealEd -> AudioEditor, AnimGraph -> GraphEditor, GraphEditor -> Persona)
Allowed circular dependency for 'Source\Editor\InternationalizationSettings\InternationalizationSettings.Build.cs' detected:
* InternationalizationSettings -> Engine -> Kismet -> BlueprintEditorLibrary -> BlueprintGraph -> AssetTools -> Landscape -> MeshBuilder -> MeshBoneReduction -> AnimationBlueprintLibrary -> AnimGraph -> GraphEditor -> Persona -> AudioEditor -> DetailCustomizations -> InternationalizationSettings (allowed via Engine -> Kismet, AssetTools -> Landscape, AnimGraph -> GraphEditor, GraphEditor -> Persona, AudioEditor -> DetailCustomizations)
* InternationalizationSettings -> Localization -> SourceControl -> UnrealEd -> UniversalObjectLocatorEditor -> Sequencer -> MovieSceneCaptureDialog -> MovieSceneTools -> KismetCompiler -> Kismet -> BlueprintEditorLibrary -> BlueprintGraph -> AssetTools -> Landscape -> MeshBuilder -> MeshBoneReduction -> AnimationBlueprintLibrary -> AnimGraph -> GraphEditor -> Persona -> AudioEditor -> DetailCustomizations -> InternationalizationSettings (allowed via SourceControl -> UnrealEd, UnrealEd -> UniversalObjectLocatorEditor, Sequencer -> UniversalObjectLocatorEditor, Kismet -> KismetCompiler, AssetTools -> Landscape, AnimGraph -> GraphEditor, GraphEditor -> Persona, AudioEditor -> DetailCustomizations)
* InternationalizationSettings -> PropertyEditor -> CQTest -> LevelEditor -> ActionableMessage -> UnrealEd -> UniversalObjectLocatorEditor -> Sequencer -> MovieSceneCaptureDialog -> MovieSceneTools -> KismetCompiler -> Kismet -> BlueprintEditorLibrary -> BlueprintGraph -> AssetTools -> Landscape -> MeshBuilder -> MeshBoneReduction -> AnimationBlueprintLibrary -> AnimGraph -> GraphEditor -> Persona -> AudioEditor -> DetailCustomizations -> InternationalizationSettings (allowed via UnrealEd -> UniversalObjectLocatorEditor, Sequencer -> UniversalObjectLocatorEditor, Kismet -> KismetCompiler, AssetTools -> Landscape, AnimGraph -> GraphEditor, GraphEditor -> Persona, AudioEditor -> DetailCustomizations)
Allowed circular dependency for 'Source\Editor\Kismet\Kismet.Build.cs' detected:
* Kismet -> AnimGraph -> Kismet (allowed via AnimGraph -> Kismet)
* Kismet -> KismetCompiler -> Kismet (allowed via Kismet -> KismetCompiler)
* Kismet -> BlueprintGraph -> AssetTools -> Kismet (allowed via Kismet -> BlueprintGraph, AssetTools -> Kismet)
* Kismet -> Merge -> AssetTools -> Kismet (allowed via Kismet -> Merge, AssetTools -> Kismet)
* Kismet -> SubobjectDataInterface -> GameProjectGeneration -> AssetTools -> Kismet (allowed via AssetTools -> Kismet)
* Kismet -> SubobjectEditor -> GameProjectGeneration -> AssetTools -> Kismet (allowed via Kismet -> SubobjectEditor, AssetTools -> Kismet)
* Kismet -> GraphEditor -> Persona -> AnimationModifiers -> AssetTools -> Kismet (allowed via GraphEditor -> Kismet, AssetTools -> Kismet)
* Kismet -> UMG -> MovieSceneTracks -> DataLayerEditor -> AssetTools -> Kismet (allowed via AssetTools -> Kismet)
* Kismet -> Engine -> Landscape -> MeshUtilities -> Persona -> AnimationModifiers -> AssetTools -> Kismet (allowed via Engine -> Kismet, Landscape -> MeshUtilities, AssetTools -> Kismet)
* Kismet -> UnrealEd -> AudioEditor -> Landscape -> MeshUtilities -> Persona -> AnimationModifiers -> AssetTools -> Kismet (allowed via UnrealEd -> Kismet, Landscape -> MeshUtilities, AssetTools -> Kismet)
* Kismet -> UMGEditor -> DetailCustomizations -> Landscape -> MeshUtilities -> Persona -> AnimationModifiers -> AssetTools -> Kismet (allowed via Kismet -> UMGEditor, Landscape -> MeshUtilities, AssetTools -> Kismet)
* Kismet -> PropertyEditor -> CQTest -> LevelEditor -> HierarchicalLODOutliner -> HierarchicalLODUtilities -> MaterialUtilities -> Landscape -> MeshUtilities -> Persona -> AnimationModifiers -> AssetTools -> Kismet (allowed via MaterialUtilities -> Landscape, Landscape -> MeshUtilities, AssetTools -> Kismet)
Allowed circular dependency for 'Source\Editor\KismetCompiler\KismetCompiler.Build.cs' detected:
* KismetCompiler -> AnimGraph -> KismetCompiler (allowed via AnimGraph -> KismetCompiler)
* KismetCompiler -> BlueprintGraph -> KismetCompiler (allowed via BlueprintGraph -> KismetCompiler)
* KismetCompiler -> Engine -> GraphEditor -> Persona -> AudioEditor -> UMGEditor -> Blutility -> KismetCompiler (allowed via GraphEditor -> Persona, UMGEditor -> Blutility)
* KismetCompiler -> Kismet -> GraphEditor -> Persona -> AudioEditor -> UMGEditor -> Blutility -> KismetCompiler (allowed via Kismet -> KismetCompiler, GraphEditor -> Kismet, UMGEditor -> Blutility)
* KismetCompiler -> UnrealEd -> FoliageEdit -> DetailCustomizations -> SkeletonEditor -> AnimationWidgets -> GraphEditor -> Persona -> AudioEditor -> UMGEditor -> Blutility -> KismetCompiler (allowed via UnrealEd -> FoliageEdit, GraphEditor -> Persona, UMGEditor -> Blutility)
Allowed circular dependency for 'Source\Editor\KismetWidgets\KismetWidgets.Build.cs' detected:
* KismetWidgets -> UnrealEd -> AudioEditor -> DetailCustomizations -> SkeletonEditor -> AnimationWidgets -> GraphEditor -> Persona -> AnimationModifiers -> AnimationBlueprintLibrary -> AnimGraph -> KismetWidgets (allowed via UnrealEd -> AudioEditor, AudioEditor -> DetailCustomizations, GraphEditor -> Persona)
* KismetWidgets -> BlueprintGraph -> AssetTools -> Kismet -> UMGEditor -> DetailCustomizations -> SkeletonEditor -> AnimationWidgets -> GraphEditor -> Persona -> AnimationModifiers -> AnimationBlueprintLibrary -> AnimGraph -> KismetWidgets (allowed via KismetWidgets -> BlueprintGraph, AssetTools -> Kismet, Kismet -> UMGEditor, GraphEditor -> Persona)
* KismetWidgets -> Engine -> MaterialUtilities -> MaterialBaking -> MainFrame -> Documentation -> ContentBrowser -> AssetTools -> Kismet -> UMGEditor -> DetailCustomizations -> SkeletonEditor -> AnimationWidgets -> GraphEditor -> Persona -> AnimationModifiers -> AnimationBlueprintLibrary -> AnimGraph -> KismetWidgets (allowed via Engine -> MaterialUtilities, Documentation -> ContentBrowser, AssetTools -> Kismet, Kismet -> UMGEditor, GraphEditor -> Persona)
* KismetWidgets -> ClassViewer -> PropertyEditor -> CQTest -> LevelEditor -> HierarchicalLODOutliner -> HierarchicalLODUtilities -> MaterialUtilities -> MaterialBaking -> MainFrame -> Documentation -> ContentBrowser -> AssetTools -> Kismet -> UMGEditor -> DetailCustomizations -> SkeletonEditor -> AnimationWidgets -> GraphEditor -> Persona -> AnimationModifiers -> AnimationBlueprintLibrary -> AnimGraph -> KismetWidgets (allowed via Documentation -> ContentBrowser, AssetTools -> Kismet, Kismet -> UMGEditor, GraphEditor -> Persona)
Allowed circular dependency for 'Source\Runtime\Landscape\Landscape.Build.cs' detected:
* Landscape -> MeshBuilder -> MeshBoneReduction -> AnimationBlueprintLibrary -> AnimGraph -> GraphEditor -> Persona -> AnimationModifiers -> AssetTools -> Landscape (allowed via AnimGraph -> GraphEditor, GraphEditor -> Persona, AssetTools -> Landscape)
* Landscape -> MeshUtilities -> MeshBoneReduction -> AnimationBlueprintLibrary -> AnimGraph -> GraphEditor -> Persona -> AnimationModifiers -> AssetTools -> Landscape (allowed via Landscape -> MeshUtilities, AnimGraph -> GraphEditor, GraphEditor -> Persona, AssetTools -> Landscape)
* Landscape -> UnrealEd -> AudioEditor -> DetailCustomizations -> MovieSceneTools -> AnimationBlueprintLibrary -> AnimGraph -> GraphEditor -> Persona -> AnimationModifiers -> AssetTools -> Landscape (allowed via Landscape -> UnrealEd, UnrealEd -> AudioEditor, AudioEditor -> DetailCustomizations, AnimGraph -> GraphEditor, GraphEditor -> Persona, AssetTools -> Landscape)
* Landscape -> Renderer -> MaterialShaderQualitySettings -> PropertyEditor -> CQTest -> LevelEditor -> KismetWidgets -> BlueprintGraph -> Kismet -> UMGEditor -> DetailCustomizations -> MovieSceneTools -> AnimationBlueprintLibrary -> AnimGraph -> GraphEditor -> Persona -> AnimationModifiers -> AssetTools -> Landscape (allowed via KismetWidgets -> BlueprintGraph, BlueprintGraph -> Kismet, Kismet -> UMGEditor, AnimGraph -> GraphEditor, GraphEditor -> Persona, AssetTools -> Landscape)
* Landscape -> MaterialUtilities -> MaterialBaking -> MainFrame -> UATHelper -> GameProjectGeneration -> ClassViewer -> PropertyEditor -> CQTest -> LevelEditor -> KismetWidgets -> BlueprintGraph -> Kismet -> UMGEditor -> DetailCustomizations -> MovieSceneTools -> AnimationBlueprintLibrary -> AnimGraph -> GraphEditor -> Persona -> AnimationModifiers -> AssetTools -> Landscape (allowed via Landscape -> MaterialUtilities, KismetWidgets -> BlueprintGraph, BlueprintGraph -> Kismet, Kismet -> UMGEditor, AnimGraph -> GraphEditor, GraphEditor -> Persona, AssetTools -> Landscape)
* Landscape -> Engine -> MaterialEditor -> MainFrame -> UATHelper -> GameProjectGeneration -> ClassViewer -> PropertyEditor -> CQTest -> LevelEditor -> KismetWidgets -> BlueprintGraph -> Kismet -> UMGEditor -> DetailCustomizations -> MovieSceneTools -> AnimationBlueprintLibrary -> AnimGraph -> GraphEditor -> Persona -> AnimationModifiers -> AssetTools -> Landscape (allowed via Engine -> Landscape, KismetWidgets -> BlueprintGraph, BlueprintGraph -> Kismet, Kismet -> UMGEditor, AnimGraph -> GraphEditor, GraphEditor -> Persona, AssetTools -> Landscape)
Allowed circular dependency for 'Source\Developer\LauncherServices\LauncherServices.Build.cs' detected:
* LauncherServices -> TargetPlatform -> Engine -> CinematicCamera -> MovieSceneTracks -> DataLayerEditor -> PropertyEditor -> CQTest -> LevelEditor -> ActionableMessage -> UnrealEd -> AudioEditor -> UMGEditor -> Blutility -> Kismet -> BlueprintEditorLibrary -> BlueprintGraph -> AssetTools -> Landscape -> MeshBuilder -> MeshBoneReduction -> AnimationBlueprintLibrary -> AnimGraph -> GraphEditor -> Persona -> AnimationModifiers -> MainFrame -> LauncherServices (allowed via Engine -> CinematicCamera, UnrealEd -> AudioEditor, UMGEditor -> Blutility, AssetTools -> Landscape, AnimGraph -> GraphEditor, GraphEditor -> Persona)
Allowed circular dependency for 'Source\Editor\LevelEditor\LevelEditor.Build.cs' detected:
* LevelEditor -> StatsViewer -> Landscape -> MeshBuilder -> MeshBoneReduction -> AnimationBlueprintLibrary -> AnimGraph -> GraphEditor -> Persona -> AudioEditor -> LevelEditor (allowed via AnimGraph -> GraphEditor, GraphEditor -> Persona)
* LevelEditor -> ContentBrowser -> AssetTools -> Landscape -> MeshBuilder -> MeshBoneReduction -> AnimationBlueprintLibrary -> AnimGraph -> GraphEditor -> Persona -> AudioEditor -> LevelEditor (allowed via AssetTools -> Landscape, AnimGraph -> GraphEditor, GraphEditor -> Persona)
* LevelEditor -> DataLayerEditor -> AssetTools -> Landscape -> MeshBuilder -> MeshBoneReduction -> AnimationBlueprintLibrary -> AnimGraph -> GraphEditor -> Persona -> AudioEditor -> LevelEditor (allowed via AssetTools -> Landscape, AnimGraph -> GraphEditor, GraphEditor -> Persona)
* LevelEditor -> SourceControlWindows -> AssetTools -> Landscape -> MeshBuilder -> MeshBoneReduction -> AnimationBlueprintLibrary -> AnimGraph -> GraphEditor -> Persona -> AudioEditor -> LevelEditor (allowed via AssetTools -> Landscape, AnimGraph -> GraphEditor, GraphEditor -> Persona)
* LevelEditor -> StatusBar -> AssetTools -> Landscape -> MeshBuilder -> MeshBoneReduction -> AnimationBlueprintLibrary -> AnimGraph -> GraphEditor -> Persona -> AudioEditor -> LevelEditor (allowed via AssetTools -> Landscape, AnimGraph -> GraphEditor, GraphEditor -> Persona)
* LevelEditor -> KismetWidgets -> BlueprintGraph -> AssetTools -> Landscape -> MeshBuilder -> MeshBoneReduction -> AnimationBlueprintLibrary -> AnimGraph -> GraphEditor -> Persona -> AudioEditor -> LevelEditor (allowed via KismetWidgets -> BlueprintGraph, AssetTools -> Landscape, AnimGraph -> GraphEditor, GraphEditor -> Persona)
* LevelEditor -> SubobjectDataInterface -> BlueprintGraph -> AssetTools -> Landscape -> MeshBuilder -> MeshBoneReduction -> AnimationBlueprintLibrary -> AnimGraph -> GraphEditor -> Persona -> AudioEditor -> LevelEditor (allowed via AssetTools -> Landscape, AnimGraph -> GraphEditor, GraphEditor -> Persona)
* LevelEditor -> LevelSequence -> MovieSceneTracks -> BlueprintGraph -> AssetTools -> Landscape -> MeshBuilder -> MeshBoneReduction -> AnimationBlueprintLibrary -> AnimGraph -> GraphEditor -> Persona -> AudioEditor -> LevelEditor (allowed via AssetTools -> Landscape, AnimGraph -> GraphEditor, GraphEditor -> Persona)
* LevelEditor -> ZenEditor -> UATHelper -> GameProjectGeneration -> AssetTools -> Landscape -> MeshBuilder -> MeshBoneReduction -> AnimationBlueprintLibrary -> AnimGraph -> GraphEditor -> Persona -> AudioEditor -> LevelEditor (allowed via AssetTools -> Landscape, AnimGraph -> GraphEditor, GraphEditor -> Persona)
* LevelEditor -> Engine -> Kismet -> BlueprintEditorLibrary -> BlueprintGraph -> AssetTools -> Landscape -> MeshBuilder -> MeshBoneReduction -> AnimationBlueprintLibrary -> AnimGraph -> GraphEditor -> Persona -> AudioEditor -> LevelEditor (allowed via Engine -> Kismet, AssetTools -> Landscape, AnimGraph -> GraphEditor, GraphEditor -> Persona)
* LevelEditor -> SubobjectEditor -> Kismet -> BlueprintEditorLibrary -> BlueprintGraph -> AssetTools -> Landscape -> MeshBuilder -> MeshBoneReduction -> AnimationBlueprintLibrary -> AnimGraph -> GraphEditor -> Persona -> AudioEditor -> LevelEditor (allowed via Kismet -> SubobjectEditor, AssetTools -> Landscape, AnimGraph -> GraphEditor, GraphEditor -> Persona)
* LevelEditor -> PropertyEditor -> Documentation -> MainFrame -> UATHelper -> GameProjectGeneration -> AssetTools -> Landscape -> MeshBuilder -> MeshBoneReduction -> AnimationBlueprintLibrary -> AnimGraph -> GraphEditor -> Persona -> AudioEditor -> LevelEditor (allowed via AssetTools -> Landscape, AnimGraph -> GraphEditor, GraphEditor -> Persona)
* LevelEditor -> TranslationEditor -> Documentation -> MainFrame -> UATHelper -> GameProjectGeneration -> AssetTools -> Landscape -> MeshBuilder -> MeshBoneReduction -> AnimationBlueprintLibrary -> AnimGraph -> GraphEditor -> Persona -> AudioEditor -> LevelEditor (allowed via AssetTools -> Landscape, AnimGraph -> GraphEditor, GraphEditor -> Persona)
* LevelEditor -> UnrealEd -> FoliageEdit -> DetailCustomizations -> Kismet -> BlueprintEditorLibrary -> BlueprintGraph -> AssetTools -> Landscape -> MeshBuilder -> MeshBoneReduction -> AnimationBlueprintLibrary -> AnimGraph -> GraphEditor -> Persona -> AudioEditor -> LevelEditor (allowed via UnrealEd -> LevelEditor, AssetTools -> Landscape, AnimGraph -> GraphEditor, GraphEditor -> Persona)
* LevelEditor -> HierarchicalLODUtilities -> MaterialUtilities -> MaterialBaking -> MainFrame -> UATHelper -> GameProjectGeneration -> AssetTools -> Landscape -> MeshBuilder -> MeshBoneReduction -> AnimationBlueprintLibrary -> AnimGraph -> GraphEditor -> Persona -> AudioEditor -> LevelEditor (allowed via AssetTools -> Landscape, AnimGraph -> GraphEditor, GraphEditor -> Persona)
Allowed circular dependency for 'Source\Runtime\LevelSequence\LevelSequence.Build.cs' detected:
* LevelSequence -> MovieSceneTracks -> BlueprintGraph -> AssetTools -> Landscape -> MeshBuilder -> MeshBoneReduction -> AnimationBlueprintLibrary -> AnimGraph -> GraphEditor -> Persona -> AudioEditor -> DetailCustomizations -> LevelSequence (allowed via AssetTools -> Landscape, AnimGraph -> GraphEditor, GraphEditor -> Persona, AudioEditor -> DetailCustomizations)
* LevelSequence -> Engine -> Kismet -> BlueprintEditorLibrary -> BlueprintGraph -> AssetTools -> Landscape -> MeshBuilder -> MeshBoneReduction -> AnimationBlueprintLibrary -> AnimGraph -> GraphEditor -> Persona -> AudioEditor -> DetailCustomizations -> LevelSequence (allowed via Engine -> Kismet, AssetTools -> Landscape, AnimGraph -> GraphEditor, GraphEditor -> Persona, AudioEditor -> DetailCustomizations)
* LevelSequence -> PropertyEditor -> CQTest -> LevelEditor -> SubobjectEditor -> Kismet -> BlueprintEditorLibrary -> BlueprintGraph -> AssetTools -> Landscape -> MeshBuilder -> MeshBoneReduction -> AnimationBlueprintLibrary -> AnimGraph -> GraphEditor -> Persona -> AudioEditor -> DetailCustomizations -> LevelSequence (allowed via Kismet -> SubobjectEditor, AssetTools -> Landscape, AnimGraph -> GraphEditor, GraphEditor -> Persona, AudioEditor -> DetailCustomizations)
* LevelSequence -> UnrealEd -> UniversalObjectLocatorEditor -> Sequencer -> MovieSceneCaptureDialog -> MovieSceneTools -> KismetCompiler -> Kismet -> BlueprintEditorLibrary -> BlueprintGraph -> AssetTools -> Landscape -> MeshBuilder -> MeshBoneReduction -> AnimationBlueprintLibrary -> AnimGraph -> GraphEditor -> Persona -> AudioEditor -> DetailCustomizations -> LevelSequence (allowed via UnrealEd -> LevelSequence, Sequencer -> UniversalObjectLocatorEditor, Kismet -> KismetCompiler, AssetTools -> Landscape, AnimGraph -> GraphEditor, GraphEditor -> Persona, AudioEditor -> DetailCustomizations)
Allowed circular dependency for 'Source\Developer\Windows\LiveCoding\LiveCoding.Build.cs' detected:
* LiveCoding -> UnrealEd -> AudioEditor -> DetailCustomizations -> SkeletonEditor -> AnimationWidgets -> GraphEditor -> Persona -> AnimationModifiers -> AnimationBlueprintLibrary -> AnimGraph -> Kismet -> LiveCoding (allowed via UnrealEd -> AudioEditor, AudioEditor -> DetailCustomizations, GraphEditor -> Persona, AnimGraph -> Kismet)
* LiveCoding -> Engine -> MaterialUtilities -> MaterialBaking -> MainFrame -> Documentation -> ContentBrowser -> AssetTools -> PropertyEditor -> CQTest -> LevelEditor -> KismetWidgets -> BlueprintGraph -> GraphEditor -> Persona -> AnimationModifiers -> AnimationBlueprintLibrary -> AnimGraph -> Kismet -> LiveCoding (allowed via Engine -> MaterialUtilities, Documentation -> ContentBrowser, KismetWidgets -> BlueprintGraph, BlueprintGraph -> GraphEditor, GraphEditor -> Persona, AnimGraph -> Kismet)
Allowed circular dependency for 'Source\Developer\Localization\Localization.Build.cs' detected:
* Localization -> SourceControl -> UnrealEd -> FunctionalTesting -> AIModule -> Engine -> Kismet -> BlueprintEditorLibrary -> BlueprintGraph -> AssetTools -> Landscape -> MeshBuilder -> MeshBoneReduction -> AnimationBlueprintLibrary -> AnimGraph -> GraphEditor -> Persona -> AudioEditor -> DetailCustomizations -> InternationalizationSettings -> Localization (allowed via SourceControl -> UnrealEd, FunctionalTesting -> UnrealEd, Engine -> Kismet, AssetTools -> Landscape, AnimGraph -> GraphEditor, GraphEditor -> Persona, AudioEditor -> DetailCustomizations)
Allowed circular dependency for 'Source\Editor\LocalizationCommandletExecution\LocalizationCommandletExecution.Build.cs' detected:
* LocalizationCommandletExecution -> Engine -> Kismet -> BlueprintEditorLibrary -> BlueprintGraph -> AssetTools -> Landscape -> MeshBuilder -> MeshBoneReduction -> AnimationBlueprintLibrary -> AnimGraph -> GraphEditor -> Persona -> AudioEditor -> LevelEditor -> TranslationEditor -> LocalizationCommandletExecution (allowed via Engine -> Kismet, AssetTools -> Landscape, AnimGraph -> GraphEditor, GraphEditor -> Persona)
* LocalizationCommandletExecution -> UnrealEd -> FoliageEdit -> DetailCustomizations -> Kismet -> BlueprintEditorLibrary -> BlueprintGraph -> AssetTools -> Landscape -> MeshBuilder -> MeshBoneReduction -> AnimationBlueprintLibrary -> AnimGraph -> GraphEditor -> Persona -> AudioEditor -> LevelEditor -> TranslationEditor -> LocalizationCommandletExecution (allowed via UnrealEd -> FoliageEdit, AssetTools -> Landscape, AnimGraph -> GraphEditor, GraphEditor -> Persona)
Allowed circular dependency for 'Source\Developer\LocalizationService\LocalizationService.Build.cs' detected:
* LocalizationService -> PropertyEditor -> Documentation -> ContentBrowser -> AssetTools -> Landscape -> MeshBuilder -> MeshBoneReduction -> AnimationBlueprintLibrary -> AnimGraph -> GraphEditor -> Persona -> AudioEditor -> LevelEditor -> TranslationEditor -> LocalizationService (allowed via Documentation -> ContentBrowser, AssetTools -> Landscape, AnimGraph -> GraphEditor, GraphEditor -> Persona)
* LocalizationService -> Engine -> Kismet -> BlueprintEditorLibrary -> BlueprintGraph -> AssetTools -> Landscape -> MeshBuilder -> MeshBoneReduction -> AnimationBlueprintLibrary -> AnimGraph -> GraphEditor -> Persona -> AudioEditor -> LevelEditor -> TranslationEditor -> LocalizationService (allowed via Engine -> Kismet, AssetTools -> Landscape, AnimGraph -> GraphEditor, GraphEditor -> Persona)
* LocalizationService -> UnrealEd -> FoliageEdit -> DetailCustomizations -> Kismet -> BlueprintEditorLibrary -> BlueprintGraph -> AssetTools -> Landscape -> MeshBuilder -> MeshBoneReduction -> AnimationBlueprintLibrary -> AnimGraph -> GraphEditor -> Persona -> AudioEditor -> LevelEditor -> TranslationEditor -> LocalizationService (allowed via UnrealEd -> LocalizationService, AssetTools -> Landscape, AnimGraph -> GraphEditor, GraphEditor -> Persona)
Allowed circular dependency for 'Source\Developer\LogVisualizer\LogVisualizer.Build.cs' detected:
* LogVisualizer -> Engine -> LogVisualizer (allowed via Engine -> LogVisualizer)
Allowed circular dependency for 'Source\Editor\MainFrame\MainFrame.Build.cs' detected:
* MainFrame -> SourceControlWindows -> AssetTools -> Landscape -> MeshBuilder -> MeshBoneReduction -> AnimationBlueprintLibrary -> AnimGraph -> GraphEditor -> Persona -> AnimationModifiers -> MainFrame (allowed via AssetTools -> Landscape, AnimGraph -> GraphEditor, GraphEditor -> Persona)
* MainFrame -> Documentation -> ContentBrowser -> AssetTools -> Landscape -> MeshBuilder -> MeshBoneReduction -> AnimationBlueprintLibrary -> AnimGraph -> GraphEditor -> Persona -> AnimationModifiers -> MainFrame (allowed via Documentation -> ContentBrowser, AssetTools -> Landscape, AnimGraph -> GraphEditor, GraphEditor -> Persona)
* MainFrame -> Engine -> Kismet -> BlueprintEditorLibrary -> BlueprintGraph -> AssetTools -> Landscape -> MeshBuilder -> MeshBoneReduction -> AnimationBlueprintLibrary -> AnimGraph -> GraphEditor -> Persona -> AnimationModifiers -> MainFrame (allowed via Engine -> Kismet, AssetTools -> Landscape, AnimGraph -> GraphEditor, GraphEditor -> Persona)
* MainFrame -> UnrealEd -> AudioEditor -> UMGEditor -> Blutility -> Kismet -> BlueprintEditorLibrary -> BlueprintGraph -> AssetTools -> Landscape -> MeshBuilder -> MeshBoneReduction -> AnimationBlueprintLibrary -> AnimGraph -> GraphEditor -> Persona -> AnimationModifiers -> MainFrame (allowed via UnrealEd -> AudioEditor, UMGEditor -> Blutility, AssetTools -> Landscape, AnimGraph -> GraphEditor, GraphEditor -> Persona)
* MainFrame -> DeviceProfileEditor -> PropertyEditor -> CQTest -> LevelEditor -> SubobjectEditor -> Kismet -> BlueprintEditorLibrary -> BlueprintGraph -> AssetTools -> Landscape -> MeshBuilder -> MeshBoneReduction -> AnimationBlueprintLibrary -> AnimGraph -> GraphEditor -> Persona -> AnimationModifiers -> MainFrame (allowed via Kismet -> SubobjectEditor, AssetTools -> Landscape, AnimGraph -> GraphEditor, GraphEditor -> Persona)
* MainFrame -> TranslationEditor -> LocalizationService -> PropertyEditor -> CQTest -> LevelEditor -> SubobjectEditor -> Kismet -> BlueprintEditorLibrary -> BlueprintGraph -> AssetTools -> Landscape -> MeshBuilder -> MeshBoneReduction -> AnimationBlueprintLibrary -> AnimGraph -> GraphEditor -> Persona -> AnimationModifiers -> MainFrame (allowed via Kismet -> SubobjectEditor, AssetTools -> Landscape, AnimGraph -> GraphEditor, GraphEditor -> Persona)
* MainFrame -> UATHelper -> GameProjectGeneration -> ClassViewer -> PropertyEditor -> CQTest -> LevelEditor -> SubobjectEditor -> Kismet -> BlueprintEditorLibrary -> BlueprintGraph -> AssetTools -> Landscape -> MeshBuilder -> MeshBoneReduction -> AnimationBlueprintLibrary -> AnimGraph -> GraphEditor -> Persona -> AnimationModifiers -> MainFrame (allowed via Kismet -> SubobjectEditor, AssetTools -> Landscape, AnimGraph -> GraphEditor, GraphEditor -> Persona)
Allowed circular dependency for 'Source\Developer\MaterialBaking\MaterialBaking.Build.cs' detected:
* MaterialBaking -> Engine -> MaterialUtilities -> MaterialBaking (allowed via Engine -> MaterialUtilities)
* MaterialBaking -> MainFrame -> Documentation -> ContentBrowser -> AssetTools -> Landscape -> MeshBuilder -> MeshBoneReduction -> AnimationBlueprintLibrary -> AnimGraph -> GraphEditor -> Persona -> AudioEditor -> LevelEditor -> HierarchicalLODOutliner -> HierarchicalLODUtilities -> MaterialUtilities -> MaterialBaking (allowed via Documentation -> ContentBrowser, AssetTools -> Landscape, AnimGraph -> GraphEditor, GraphEditor -> Persona)
* MaterialBaking -> PropertyEditor -> Documentation -> ContentBrowser -> AssetTools -> Landscape -> MeshBuilder -> MeshBoneReduction -> AnimationBlueprintLibrary -> AnimGraph -> GraphEditor -> Persona -> AudioEditor -> LevelEditor -> HierarchicalLODOutliner -> HierarchicalLODUtilities -> MaterialUtilities -> MaterialBaking (allowed via Documentation -> ContentBrowser, AssetTools -> Landscape, AnimGraph -> GraphEditor, GraphEditor -> Persona)
* MaterialBaking -> UnrealEd -> FoliageEdit -> DetailCustomizations -> Kismet -> BlueprintEditorLibrary -> BlueprintGraph -> AssetTools -> Landscape -> MeshBuilder -> MeshBoneReduction -> AnimationBlueprintLibrary -> AnimGraph -> GraphEditor -> Persona -> AudioEditor -> LevelEditor -> HierarchicalLODOutliner -> HierarchicalLODUtilities -> MaterialUtilities -> MaterialBaking (allowed via UnrealEd -> MaterialBaking, AssetTools -> Landscape, AnimGraph -> GraphEditor, GraphEditor -> Persona)
Allowed circular dependency for 'Source\Editor\MaterialEditor\MaterialEditor.Build.cs' detected:
* MaterialEditor -> GraphEditor -> Persona -> AnimationModifiers -> AssetTools -> MaterialEditor (allowed via GraphEditor -> Persona, AssetTools -> MaterialEditor)
* MaterialEditor -> MainFrame -> Documentation -> ContentBrowser -> AssetTools -> MaterialEditor (allowed via Documentation -> ContentBrowser, AssetTools -> MaterialEditor)
* MaterialEditor -> Landscape -> MeshUtilities -> Persona -> AnimationModifiers -> AssetTools -> MaterialEditor (allowed via Landscape -> MeshUtilities, AssetTools -> MaterialEditor)
* MaterialEditor -> UnrealEd -> MeshBuilder -> MeshUtilities -> Persona -> AnimationModifiers -> AssetTools -> MaterialEditor (allowed via UnrealEd -> MaterialEditor, AssetTools -> MaterialEditor)
* MaterialEditor -> Engine -> CinematicCamera -> MovieSceneTracks -> AnimationBlueprintLibrary -> AnimGraph -> Kismet -> UMGEditor -> DetailCustomizations -> SkeletonEditor -> Persona -> AnimationModifiers -> AssetTools -> MaterialEditor (allowed via Engine -> CinematicCamera, AnimGraph -> Kismet, Kismet -> UMGEditor, AssetTools -> MaterialEditor)
* MaterialEditor -> PropertyEditor -> CQTest -> LevelEditor -> LevelSequence -> MovieSceneTracks -> AnimationBlueprintLibrary -> AnimGraph -> Kismet -> UMGEditor -> DetailCustomizations -> SkeletonEditor -> Persona -> AnimationModifiers -> AssetTools -> MaterialEditor (allowed via AnimGraph -> Kismet, Kismet -> UMGEditor, AssetTools -> MaterialEditor)
Allowed circular dependency for 'Source\Runtime\MaterialShaderQualitySettings\MaterialShaderQualitySettings.Build.cs' detected:
* MaterialShaderQualitySettings -> TargetPlatform -> Engine -> MaterialShaderQualitySettings (allowed via Engine -> MaterialShaderQualitySettings)
* MaterialShaderQualitySettings -> PropertyEditor -> CQTest -> LevelEditor -> ActionableMessage -> UnrealEd -> UniversalObjectLocatorEditor -> Sequencer -> MovieSceneCaptureDialog -> MovieSceneTools -> KismetCompiler -> Kismet -> BlueprintEditorLibrary -> BlueprintGraph -> AssetTools -> Landscape -> MeshBuilder -> MeshBoneReduction -> AnimationBlueprintLibrary -> AnimGraph -> GraphEditor -> Persona -> AudioEditor -> DetailCustomizations -> ComponentVisualizers -> AIModule -> Engine -> MaterialShaderQualitySettings (allowed via UnrealEd -> UniversalObjectLocatorEditor, Sequencer -> UniversalObjectLocatorEditor, Kismet -> KismetCompiler, AssetTools -> Landscape, AnimGraph -> GraphEditor, GraphEditor -> Persona, AudioEditor -> DetailCustomizations, Engine -> MaterialShaderQualitySettings)
Allowed circular dependency for 'Source\Developer\MaterialUtilities\MaterialUtilities.Build.cs' detected:
* MaterialUtilities -> Engine -> MaterialUtilities (allowed via Engine -> MaterialUtilities)
* MaterialUtilities -> Landscape -> MeshBuilder -> MeshBoneReduction -> AnimationBlueprintLibrary -> AnimGraph -> GraphEditor -> Persona -> AudioEditor -> LevelEditor -> HierarchicalLODOutliner -> HierarchicalLODUtilities -> MaterialUtilities (allowed via MaterialUtilities -> Landscape, AnimGraph -> GraphEditor, GraphEditor -> Persona)
* MaterialUtilities -> UnrealEd -> MeshBuilder -> MeshBoneReduction -> AnimationBlueprintLibrary -> AnimGraph -> GraphEditor -> Persona -> AudioEditor -> LevelEditor -> HierarchicalLODOutliner -> HierarchicalLODUtilities -> MaterialUtilities (allowed via UnrealEd -> MaterialUtilities, AnimGraph -> GraphEditor, GraphEditor -> Persona)
* MaterialUtilities -> MaterialBaking -> MainFrame -> Documentation -> ContentBrowser -> AssetTools -> Kismet -> UMGEditor -> DetailCustomizations -> MovieSceneTools -> AnimationBlueprintLibrary -> AnimGraph -> GraphEditor -> Persona -> AudioEditor -> LevelEditor -> HierarchicalLODOutliner -> HierarchicalLODUtilities -> MaterialUtilities (allowed via Documentation -> ContentBrowser, AssetTools -> Kismet, Kismet -> UMGEditor, AnimGraph -> GraphEditor, GraphEditor -> Persona)
* MaterialUtilities -> Renderer -> MaterialShaderQualitySettings -> PropertyEditor -> Documentation -> ContentBrowser -> AssetTools -> Kismet -> UMGEditor -> DetailCustomizations -> MovieSceneTools -> AnimationBlueprintLibrary -> AnimGraph -> GraphEditor -> Persona -> AudioEditor -> LevelEditor -> HierarchicalLODOutliner -> HierarchicalLODUtilities -> MaterialUtilities (allowed via Documentation -> ContentBrowser, AssetTools -> Kismet, Kismet -> UMGEditor, AnimGraph -> GraphEditor, GraphEditor -> Persona)
Allowed circular dependency for 'Source\Runtime\MediaAssets\MediaAssets.Build.cs' detected:
* MediaAssets -> Engine -> Kismet -> BlueprintEditorLibrary -> BlueprintGraph -> AssetTools -> Landscape -> MeshBuilder -> MeshBoneReduction -> AnimationBlueprintLibrary -> AnimGraph -> GraphEditor -> Persona -> AudioEditor -> DetailCustomizations -> LevelSequence -> MediaAssets (allowed via Engine -> Kismet, AssetTools -> Landscape, AnimGraph -> GraphEditor, GraphEditor -> Persona, AudioEditor -> DetailCustomizations)
* MediaAssets -> Renderer -> MaterialShaderQualitySettings -> PropertyEditor -> CQTest -> LevelEditor -> ActionableMessage -> UnrealEd -> UniversalObjectLocatorEditor -> Sequencer -> MovieSceneCaptureDialog -> MovieSceneTools -> KismetCompiler -> Kismet -> BlueprintEditorLibrary -> BlueprintGraph -> AssetTools -> Landscape -> MeshBuilder -> MeshBoneReduction -> AnimationBlueprintLibrary -> AnimGraph -> GraphEditor -> Persona -> AudioEditor -> DetailCustomizations -> LevelSequence -> MediaAssets (allowed via UnrealEd -> UniversalObjectLocatorEditor, Sequencer -> UniversalObjectLocatorEditor, Kismet -> KismetCompiler, AssetTools -> Landscape, AnimGraph -> GraphEditor, GraphEditor -> Persona, AudioEditor -> DetailCustomizations)
Allowed circular dependency for 'Source\Runtime\MediaUtils\MediaUtils.Build.cs' detected:
* MediaUtils -> ImageWriteQueue -> Engine -> Kismet -> BlueprintEditorLibrary -> BlueprintGraph -> AssetTools -> Landscape -> MeshBuilder -> MeshBoneReduction -> AnimationBlueprintLibrary -> AnimGraph -> GraphEditor -> Persona -> AudioEditor -> DetailCustomizations -> LevelSequence -> MediaAssets -> MediaUtils (allowed via Engine -> Kismet, AssetTools -> Landscape, AnimGraph -> GraphEditor, GraphEditor -> Persona, AudioEditor -> DetailCustomizations)
Allowed circular dependency for 'Source\Developer\Merge\Merge.Build.cs' detected:
* Merge -> Kismet -> Merge (allowed via Kismet -> Merge)
Allowed circular dependency for 'Source\Developer\MeshBoneReduction\MeshBoneReduction.Build.cs' detected:
* MeshBoneReduction -> AnimationBlueprintLibrary -> AnimGraph -> GraphEditor -> Persona -> AnimationModifiers -> AssetTools -> Landscape -> MeshBuilder -> MeshBoneReduction (allowed via AnimGraph -> GraphEditor, GraphEditor -> Persona, AssetTools -> Landscape)
* MeshBoneReduction -> Engine -> MaterialUtilities -> MaterialBaking -> MainFrame -> UATHelper -> GameProjectGeneration -> ClassViewer -> PropertyEditor -> CQTest -> LevelEditor -> ActionableMessage -> UnrealEd -> AudioEditor -> UMGEditor -> Blutility -> BlueprintGraph -> Kismet -> BlueprintEditorLibrary -> AnimGraph -> GraphEditor -> Persona -> AnimationModifiers -> AssetTools -> Landscape -> MeshBuilder -> MeshBoneReduction (allowed via Engine -> MaterialUtilities, UnrealEd -> AudioEditor, UMGEditor -> Blutility, BlueprintGraph -> Kismet, AnimGraph -> GraphEditor, GraphEditor -> Persona, AssetTools -> Landscape)
Allowed circular dependency for 'Source\Developer\MeshBuilder\MeshBuilder.Build.cs' detected:
* MeshBuilder -> MeshBoneReduction -> AnimationBlueprintLibrary -> AnimGraph -> GraphEditor -> Persona -> AnimationModifiers -> AssetTools -> Landscape -> MeshBuilder (allowed via AnimGraph -> GraphEditor, GraphEditor -> Persona, AssetTools -> Landscape)
* MeshBuilder -> Engine -> Kismet -> BlueprintEditorLibrary -> BlueprintGraph -> PropertyEditor -> CQTest -> LevelEditor -> ActionableMessage -> UnrealEd -> AudioEditor -> DetailCustomizations -> MovieSceneTools -> AnimationBlueprintLibrary -> AnimGraph -> GraphEditor -> Persona -> AnimationModifiers -> AssetTools -> Landscape -> MeshBuilder (allowed via Engine -> Kismet, UnrealEd -> AudioEditor, AudioEditor -> DetailCustomizations, AnimGraph -> GraphEditor, GraphEditor -> Persona, AssetTools -> Landscape)
* MeshBuilder -> MeshUtilities -> HierarchicalLODUtilities -> MaterialUtilities -> MaterialBaking -> MainFrame -> UATHelper -> GameProjectGeneration -> ClassViewer -> PropertyEditor -> CQTest -> LevelEditor -> ActionableMessage -> UnrealEd -> AudioEditor -> DetailCustomizations -> MovieSceneTools -> AnimationBlueprintLibrary -> AnimGraph -> GraphEditor -> Persona -> AnimationModifiers -> AssetTools -> Landscape -> MeshBuilder (allowed via UnrealEd -> AudioEditor, AudioEditor -> DetailCustomizations, AnimGraph -> GraphEditor, GraphEditor -> Persona, AssetTools -> Landscape)
Allowed circular dependency for 'Source\Developer\MeshBuilderCommon\MeshBuilderCommon.Build.cs' detected:
* MeshBuilderCommon -> Engine -> MaterialUtilities -> MaterialBaking -> MainFrame -> UATHelper -> GameProjectGeneration -> ClassViewer -> PropertyEditor -> CQTest -> LevelEditor -> KismetWidgets -> BlueprintGraph -> Kismet -> UMGEditor -> DetailCustomizations -> ComponentVisualizers -> AIModule -> UnrealEd -> MeshBuilder -> MeshBoneReduction -> AnimationBlueprintLibrary -> AnimGraph -> GraphEditor -> Persona -> AnimationModifiers -> AssetTools -> Landscape -> MeshBuilderCommon (allowed via Engine -> MaterialUtilities, KismetWidgets -> BlueprintGraph, BlueprintGraph -> Kismet, Kismet -> UMGEditor, UnrealEd -> MeshBuilder, AnimGraph -> GraphEditor, GraphEditor -> Persona, AssetTools -> Landscape)
Allowed circular dependency for 'Source\Editor\MeshPaint\MeshPaint.Build.cs' detected:
* MeshPaint -> UnrealEd -> MeshPaint (allowed via UnrealEd -> MeshPaint)
Allowed circular dependency for 'Source\Developer\MeshReductionInterface\MeshReductionInterface.Build.cs' detected:
* MeshReductionInterface -> Engine -> Kismet -> BlueprintEditorLibrary -> BlueprintGraph -> PropertyEditor -> CQTest -> LevelEditor -> ActionableMessage -> UnrealEd -> AudioEditor -> DetailCustomizations -> MovieSceneTools -> AnimationBlueprintLibrary -> AnimGraph -> GraphEditor -> Persona -> AnimationModifiers -> AssetTools -> Landscape -> MeshBuilder -> MeshReductionInterface (allowed via Engine -> Kismet, UnrealEd -> AudioEditor, AudioEditor -> DetailCustomizations, AnimGraph -> GraphEditor, GraphEditor -> Persona, AssetTools -> Landscape)
Allowed circular dependency for 'Source\Developer\MeshUtilities\MeshUtilities.Build.cs' detected:
* MeshUtilities -> Landscape -> MeshUtilities (allowed via Landscape -> MeshUtilities)
* MeshUtilities -> UnrealEd -> MeshBuilder -> MeshUtilities (allowed via UnrealEd -> MeshBuilder)
Allowed circular dependency for 'Source\Developer\MeshUtilitiesEngine\MeshUtilitiesEngine.Build.cs' detected:
* MeshUtilitiesEngine -> Engine -> MaterialUtilities -> MaterialBaking -> MainFrame -> UATHelper -> GameProjectGeneration -> ClassViewer -> PropertyEditor -> CQTest -> LevelEditor -> KismetWidgets -> BlueprintGraph -> Kismet -> UMGEditor -> DetailCustomizations -> ComponentVisualizers -> AIModule -> UnrealEd -> MeshBuilder -> MeshBoneReduction -> AnimationBlueprintLibrary -> AnimGraph -> GraphEditor -> Persona -> AnimationModifiers -> AssetTools -> Landscape -> MeshUtilities -> MeshUtilitiesEngine (allowed via Engine -> MaterialUtilities, KismetWidgets -> BlueprintGraph, BlueprintGraph -> Kismet, Kismet -> UMGEditor, UnrealEd -> MeshBuilder, AnimGraph -> GraphEditor, GraphEditor -> Persona, AssetTools -> Landscape, Landscape -> MeshUtilities)
Allowed circular dependency for 'Source\Runtime\MoviePlayer\MoviePlayer.Build.cs' detected:
* MoviePlayer -> Engine -> Kismet -> BlueprintEditorLibrary -> BlueprintGraph -> AssetTools -> Landscape -> MeshBuilder -> MeshBoneReduction -> AnimationBlueprintLibrary -> AnimGraph -> GraphEditor -> Persona -> AudioEditor -> DetailCustomizations -> MoviePlayer (allowed via Engine -> Kismet, AssetTools -> Landscape, AnimGraph -> GraphEditor, GraphEditor -> Persona, AudioEditor -> DetailCustomizations)
* MoviePlayer -> HeadMountedDisplay -> Renderer -> MaterialShaderQualitySettings -> PropertyEditor -> CQTest -> LevelEditor -> ActionableMessage -> UnrealEd -> UniversalObjectLocatorEditor -> Sequencer -> MovieSceneCaptureDialog -> MovieSceneTools -> KismetCompiler -> Kismet -> BlueprintEditorLibrary -> BlueprintGraph -> AssetTools -> Landscape -> MeshBuilder -> MeshBoneReduction -> AnimationBlueprintLibrary -> AnimGraph -> GraphEditor -> Persona -> AudioEditor -> DetailCustomizations -> MoviePlayer (allowed via UnrealEd -> UniversalObjectLocatorEditor, Sequencer -> UniversalObjectLocatorEditor, Kismet -> KismetCompiler, AssetTools -> Landscape, AnimGraph -> GraphEditor, GraphEditor -> Persona, AudioEditor -> DetailCustomizations)
Allowed circular dependency for 'Source\Runtime\MovieScene\MovieScene.Build.cs' detected:
* MovieScene -> Engine -> Kismet -> BlueprintEditorLibrary -> BlueprintGraph -> AssetTools -> Landscape -> MeshBuilder -> MeshBoneReduction -> AnimationBlueprintLibrary -> AnimGraph -> GraphEditor -> Persona -> AudioEditor -> DetailCustomizations -> CinematicCamera -> MovieScene (allowed via Engine -> Kismet, AssetTools -> Landscape, AnimGraph -> GraphEditor, GraphEditor -> Persona, AudioEditor -> DetailCustomizations)
Allowed circular dependency for 'Source\Runtime\MovieSceneCapture\MovieSceneCapture.Build.cs' detected:
* MovieSceneCapture -> Engine -> Kismet -> BlueprintEditorLibrary -> BlueprintGraph -> AssetTools -> Landscape -> MeshBuilder -> MeshBoneReduction -> AnimationBlueprintLibrary -> AnimGraph -> GraphEditor -> Persona -> AudioEditor -> DetailCustomizations -> MovieSceneCapture (allowed via Engine -> Kismet, AssetTools -> Landscape, AnimGraph -> GraphEditor, GraphEditor -> Persona, AudioEditor -> DetailCustomizations)
* MovieSceneCapture -> AudioMixer -> HeadMountedDisplay -> Renderer -> MaterialShaderQualitySettings -> PropertyEditor -> CQTest -> LevelEditor -> ActionableMessage -> UnrealEd -> UniversalObjectLocatorEditor -> Sequencer -> MovieSceneCaptureDialog -> MovieSceneTools -> KismetCompiler -> Kismet -> BlueprintEditorLibrary -> BlueprintGraph -> AssetTools -> Landscape -> MeshBuilder -> MeshBoneReduction -> AnimationBlueprintLibrary -> AnimGraph -> GraphEditor -> Persona -> AudioEditor -> DetailCustomizations -> MovieSceneCapture (allowed via UnrealEd -> UniversalObjectLocatorEditor, Sequencer -> UniversalObjectLocatorEditor, Kismet -> KismetCompiler, AssetTools -> Landscape, AnimGraph -> GraphEditor, GraphEditor -> Persona, AudioEditor -> DetailCustomizations)
Allowed circular dependency for 'Source\Editor\MovieSceneCaptureDialog\MovieSceneCaptureDialog.Build.cs' detected:
* MovieSceneCaptureDialog -> Engine -> Kismet -> BlueprintEditorLibrary -> BlueprintGraph -> AssetTools -> Landscape -> MeshBuilder -> MeshBoneReduction -> AnimationBlueprintLibrary -> AnimGraph -> GraphEditor -> Persona -> AudioEditor -> DetailCustomizations -> Sequencer -> MovieSceneCaptureDialog (allowed via Engine -> Kismet, AssetTools -> Landscape, AnimGraph -> GraphEditor, GraphEditor -> Persona, AudioEditor -> DetailCustomizations, Sequencer -> MovieSceneCaptureDialog)
* MovieSceneCaptureDialog -> MovieSceneTools -> KismetCompiler -> Kismet -> BlueprintEditorLibrary -> BlueprintGraph -> AssetTools -> Landscape -> MeshBuilder -> MeshBoneReduction -> AnimationBlueprintLibrary -> AnimGraph -> GraphEditor -> Persona -> AudioEditor -> DetailCustomizations -> Sequencer -> MovieSceneCaptureDialog (allowed via Kismet -> KismetCompiler, AssetTools -> Landscape, AnimGraph -> GraphEditor, GraphEditor -> Persona, AudioEditor -> DetailCustomizations, Sequencer -> MovieSceneCaptureDialog)
* MovieSceneCaptureDialog -> PropertyEditor -> CQTest -> LevelEditor -> SubobjectEditor -> Kismet -> BlueprintEditorLibrary -> BlueprintGraph -> AssetTools -> Landscape -> MeshBuilder -> MeshBoneReduction -> AnimationBlueprintLibrary -> AnimGraph -> GraphEditor -> Persona -> AudioEditor -> DetailCustomizations -> Sequencer -> MovieSceneCaptureDialog (allowed via Kismet -> SubobjectEditor, AssetTools -> Landscape, AnimGraph -> GraphEditor, GraphEditor -> Persona, AudioEditor -> DetailCustomizations, Sequencer -> MovieSceneCaptureDialog)
* MovieSceneCaptureDialog -> UnrealEd -> EditorInteractiveToolsFramework -> LevelEditor -> SubobjectEditor -> Kismet -> BlueprintEditorLibrary -> BlueprintGraph -> AssetTools -> Landscape -> MeshBuilder -> MeshBoneReduction -> AnimationBlueprintLibrary -> AnimGraph -> GraphEditor -> Persona -> AudioEditor -> DetailCustomizations -> Sequencer -> MovieSceneCaptureDialog (allowed via UnrealEd -> EditorInteractiveToolsFramework, Kismet -> SubobjectEditor, AssetTools -> Landscape, AnimGraph -> GraphEditor, GraphEditor -> Persona, AudioEditor -> DetailCustomizations, Sequencer -> MovieSceneCaptureDialog)
Allowed circular dependency for 'Source\Editor\MovieSceneTools\MovieSceneTools.Build.cs' detected:
* MovieSceneTools -> GraphEditor -> Persona -> AudioEditor -> DetailCustomizations -> MovieSceneTools (allowed via GraphEditor -> Persona, AudioEditor -> DetailCustomizations)
* MovieSceneTools -> BlueprintGraph -> AssetTools -> Landscape -> MeshUtilities -> Persona -> AudioEditor -> DetailCustomizations -> MovieSceneTools (allowed via AssetTools -> Landscape, Landscape -> MeshUtilities, AudioEditor -> DetailCustomizations)
* MovieSceneTools -> ContentBrowser -> AssetTools -> Landscape -> MeshUtilities -> Persona -> AudioEditor -> DetailCustomizations -> MovieSceneTools (allowed via AssetTools -> Landscape, Landscape -> MeshUtilities, AudioEditor -> DetailCustomizations)
* MovieSceneTools -> DataLayerEditor -> AssetTools -> Landscape -> MeshUtilities -> Persona -> AudioEditor -> DetailCustomizations -> MovieSceneTools (allowed via AssetTools -> Landscape, Landscape -> MeshUtilities, AudioEditor -> DetailCustomizations)
* MovieSceneTools -> UnrealEd -> FoliageEdit -> AssetTools -> Landscape -> MeshUtilities -> Persona -> AudioEditor -> DetailCustomizations -> MovieSceneTools (allowed via UnrealEd -> FoliageEdit, AssetTools -> Landscape, Landscape -> MeshUtilities, AudioEditor -> DetailCustomizations)
* MovieSceneTools -> SceneOutliner -> SourceControlWindows -> AssetTools -> Landscape -> MeshUtilities -> Persona -> AudioEditor -> DetailCustomizations -> MovieSceneTools (allowed via AssetTools -> Landscape, Landscape -> MeshUtilities, AudioEditor -> DetailCustomizations)
* MovieSceneTools -> Kismet -> UMGEditor -> Blutility -> AssetTools -> Landscape -> MeshUtilities -> Persona -> AudioEditor -> DetailCustomizations -> MovieSceneTools (allowed via Kismet -> UMGEditor, UMGEditor -> Blutility, AssetTools -> Landscape, Landscape -> MeshUtilities, AudioEditor -> DetailCustomizations)
* MovieSceneTools -> SequenceRecorder -> LevelEditor -> SubobjectDataInterface -> GameProjectGeneration -> AssetTools -> Landscape -> MeshUtilities -> Persona -> AudioEditor -> DetailCustomizations -> MovieSceneTools (allowed via AssetTools -> Landscape, Landscape -> MeshUtilities, AudioEditor -> DetailCustomizations)
* MovieSceneTools -> PropertyEditor -> CQTest -> LevelEditor -> SubobjectDataInterface -> GameProjectGeneration -> AssetTools -> Landscape -> MeshUtilities -> Persona -> AudioEditor -> DetailCustomizations -> MovieSceneTools (allowed via AssetTools -> Landscape, Landscape -> MeshUtilities, AudioEditor -> DetailCustomizations)
* MovieSceneTools -> Sequencer -> ViewportInteraction -> LevelEditor -> SubobjectDataInterface -> GameProjectGeneration -> AssetTools -> Landscape -> MeshUtilities -> Persona -> AudioEditor -> DetailCustomizations -> MovieSceneTools (allowed via MovieSceneTools -> Sequencer, Sequencer -> ViewportInteraction, AssetTools -> Landscape, Landscape -> MeshUtilities, AudioEditor -> DetailCustomizations)
* MovieSceneTools -> Engine -> MaterialUtilities -> MaterialBaking -> MainFrame -> UATHelper -> GameProjectGeneration -> AssetTools -> Landscape -> MeshUtilities -> Persona -> AudioEditor -> DetailCustomizations -> MovieSceneTools (allowed via Engine -> MaterialUtilities, AssetTools -> Landscape, Landscape -> MeshUtilities, AudioEditor -> DetailCustomizations)
* MovieSceneTools -> MaterialEditor -> MaterialUtilities -> MaterialBaking -> MainFrame -> UATHelper -> GameProjectGeneration -> AssetTools -> Landscape -> MeshUtilities -> Persona -> AudioEditor -> DetailCustomizations -> MovieSceneTools (allowed via AssetTools -> Landscape, Landscape -> MeshUtilities, AudioEditor -> DetailCustomizations)
* MovieSceneTools -> AnimationBlueprintLibrary -> AnimGraph -> AnimationEditMode -> EditorInteractiveToolsFramework -> LevelEditor -> SubobjectDataInterface -> GameProjectGeneration -> AssetTools -> Landscape -> MeshUtilities -> Persona -> AudioEditor -> DetailCustomizations -> MovieSceneTools (allowed via AssetTools -> Landscape, Landscape -> MeshUtilities, AudioEditor -> DetailCustomizations)
* MovieSceneTools -> KismetCompiler -> AnimGraph -> AnimationEditMode -> EditorInteractiveToolsFramework -> LevelEditor -> SubobjectDataInterface -> GameProjectGeneration -> AssetTools -> Landscape -> MeshUtilities -> Persona -> AudioEditor -> DetailCustomizations -> MovieSceneTools (allowed via AnimGraph -> KismetCompiler, AssetTools -> Landscape, Landscape -> MeshUtilities, AudioEditor -> DetailCustomizations)
Allowed circular dependency for 'Source\Runtime\MovieSceneTracks\MovieSceneTracks.Build.cs' detected:
* MovieSceneTracks -> AnimationBlueprintLibrary -> AnimGraph -> GraphEditor -> Persona -> AudioEditor -> DetailCustomizations -> CinematicCamera -> MovieSceneTracks (allowed via AnimGraph -> GraphEditor, GraphEditor -> Persona, AudioEditor -> DetailCustomizations)
* MovieSceneTracks -> BlueprintGraph -> AssetTools -> Kismet -> BlueprintEditorLibrary -> AnimGraph -> GraphEditor -> Persona -> AudioEditor -> DetailCustomizations -> CinematicCamera -> MovieSceneTracks (allowed via AssetTools -> Kismet, AnimGraph -> GraphEditor, GraphEditor -> Persona, AudioEditor -> DetailCustomizations)
* MovieSceneTracks -> UnrealEd -> ClothingSystemEditor -> ContentBrowser -> AssetTools -> Kismet -> BlueprintEditorLibrary -> AnimGraph -> GraphEditor -> Persona -> AudioEditor -> DetailCustomizations -> CinematicCamera -> MovieSceneTracks (allowed via UnrealEd -> MovieSceneTracks, AssetTools -> Kismet, AnimGraph -> GraphEditor, GraphEditor -> Persona, AudioEditor -> DetailCustomizations)
* MovieSceneTracks -> Engine -> MaterialUtilities -> MaterialBaking -> MainFrame -> Documentation -> ContentBrowser -> AssetTools -> Kismet -> BlueprintEditorLibrary -> AnimGraph -> GraphEditor -> Persona -> AudioEditor -> DetailCustomizations -> CinematicCamera -> MovieSceneTracks (allowed via Engine -> MaterialUtilities, Documentation -> ContentBrowser, AssetTools -> Kismet, AnimGraph -> GraphEditor, GraphEditor -> Persona, AudioEditor -> DetailCustomizations)
* MovieSceneTracks -> DataLayerEditor -> PropertyEditor -> CQTest -> LevelEditor -> HierarchicalLODOutliner -> HierarchicalLODUtilities -> MaterialUtilities -> MaterialBaking -> MainFrame -> Documentation -> ContentBrowser -> AssetTools -> Kismet -> BlueprintEditorLibrary -> AnimGraph -> GraphEditor -> Persona -> AudioEditor -> DetailCustomizations -> CinematicCamera -> MovieSceneTracks (allowed via Documentation -> ContentBrowser, AssetTools -> Kismet, AnimGraph -> GraphEditor, GraphEditor -> Persona, AudioEditor -> DetailCustomizations)
* MovieSceneTracks -> AnimGraphRuntime -> GeometryCollectionEngine -> Renderer -> MaterialShaderQualitySettings -> PropertyEditor -> CQTest -> LevelEditor -> HierarchicalLODOutliner -> HierarchicalLODUtilities -> MaterialUtilities -> MaterialBaking -> MainFrame -> Documentation -> ContentBrowser -> AssetTools -> Kismet -> BlueprintEditorLibrary -> AnimGraph -> GraphEditor -> Persona -> AudioEditor -> DetailCustomizations -> CinematicCamera -> MovieSceneTracks (allowed via Documentation -> ContentBrowser, AssetTools -> Kismet, AnimGraph -> GraphEditor, GraphEditor -> Persona, AudioEditor -> DetailCustomizations)
* MovieSceneTracks -> AudioMixer -> HeadMountedDisplay -> Renderer -> MaterialShaderQualitySettings -> PropertyEditor -> CQTest -> LevelEditor -> HierarchicalLODOutliner -> HierarchicalLODUtilities -> MaterialUtilities -> MaterialBaking -> MainFrame -> Documentation -> ContentBrowser -> AssetTools -> Kismet -> BlueprintEditorLibrary -> AnimGraph -> GraphEditor -> Persona -> AudioEditor -> DetailCustomizations -> CinematicCamera -> MovieSceneTracks (allowed via Documentation -> ContentBrowser, AssetTools -> Kismet, AnimGraph -> GraphEditor, GraphEditor -> Persona, AudioEditor -> DetailCustomizations)
Allowed circular dependency for 'Source\Developer\NaniteUtilities\NaniteUtilities.Build.cs' detected:
* NaniteUtilities -> Engine -> MaterialUtilities -> MaterialBaking -> MainFrame -> UATHelper -> GameProjectGeneration -> ClassViewer -> PropertyEditor -> CQTest -> LevelEditor -> ActionableMessage -> UnrealEd -> AudioEditor -> UMGEditor -> Blutility -> Kismet -> BlueprintEditorLibrary -> BlueprintGraph -> AssetTools -> Landscape -> MeshBuilder -> MeshBoneReduction -> AnimationBlueprintLibrary -> AnimGraph -> GraphEditor -> Persona -> NaniteUtilities (allowed via Engine -> MaterialUtilities, UnrealEd -> AudioEditor, UMGEditor -> Blutility, AssetTools -> Landscape, AnimGraph -> GraphEditor, GraphEditor -> Persona)
Allowed circular dependency for 'Source\Runtime\NavigationSystem\NavigationSystem.Build.cs' detected:
* NavigationSystem -> Engine -> Kismet -> BlueprintEditorLibrary -> BlueprintGraph -> AssetTools -> Landscape -> MeshBuilder -> MeshBoneReduction -> AnimationBlueprintLibrary -> AnimGraph -> GraphEditor -> Persona -> AudioEditor -> DetailCustomizations -> ComponentVisualizers -> AIModule -> NavigationSystem (allowed via Engine -> Kismet, AssetTools -> Landscape, AnimGraph -> GraphEditor, GraphEditor -> Persona, AudioEditor -> DetailCustomizations)
* NavigationSystem -> UnrealEd -> UniversalObjectLocatorEditor -> Sequencer -> MovieSceneCaptureDialog -> MovieSceneTools -> KismetCompiler -> Kismet -> BlueprintEditorLibrary -> BlueprintGraph -> AssetTools -> Landscape -> MeshBuilder -> MeshBoneReduction -> AnimationBlueprintLibrary -> AnimGraph -> GraphEditor -> Persona -> AudioEditor -> DetailCustomizations -> ComponentVisualizers -> AIModule -> NavigationSystem (allowed via NavigationSystem -> UnrealEd, UnrealEd -> UniversalObjectLocatorEditor, Sequencer -> UniversalObjectLocatorEditor, Kismet -> KismetCompiler, AssetTools -> Landscape, AnimGraph -> GraphEditor, GraphEditor -> Persona, AudioEditor -> DetailCustomizations)
* NavigationSystem -> GeometryCollectionEngine -> Renderer -> MaterialShaderQualitySettings -> PropertyEditor -> CQTest -> LevelEditor -> SubobjectEditor -> Kismet -> BlueprintEditorLibrary -> BlueprintGraph -> AssetTools -> Landscape -> MeshBuilder -> MeshBoneReduction -> AnimationBlueprintLibrary -> AnimGraph -> GraphEditor -> Persona -> AudioEditor -> DetailCustomizations -> ComponentVisualizers -> AIModule -> NavigationSystem (allowed via Kismet -> SubobjectEditor, AssetTools -> Landscape, AnimGraph -> GraphEditor, GraphEditor -> Persona, AudioEditor -> DetailCustomizations)
Allowed circular dependency for 'Source\Runtime\NetworkFileSystem\NetworkFileSystem.Build.cs' detected:
* NetworkFileSystem -> Engine -> Kismet -> BlueprintEditorLibrary -> BlueprintGraph -> AssetTools -> Landscape -> MeshBuilder -> MeshBoneReduction -> AnimationBlueprintLibrary -> AnimGraph -> GraphEditor -> Persona -> AudioEditor -> DetailCustomizations -> ComponentVisualizers -> AIModule -> UnrealEd -> NetworkFileSystem (allowed via Engine -> Kismet, AssetTools -> Landscape, AnimGraph -> GraphEditor, GraphEditor -> Persona, AudioEditor -> DetailCustomizations)
Allowed circular dependency for 'Source\Runtime\NonRealtimeAudioRenderer\NonRealtimeAudioRenderer.Build.cs' detected:
* NonRealtimeAudioRenderer -> AudioMixer -> NonRealtimeAudioRenderer (allowed via AudioMixer -> NonRealtimeAudioRenderer)
Allowed circular dependency for 'Source\Developer\OutputLog\OutputLog.Build.cs' detected:
* OutputLog -> StatusBar -> SourceControlWindows -> AssetTools -> Landscape -> MeshBuilder -> MeshBoneReduction -> AnimationBlueprintLibrary -> AnimGraph -> GraphEditor -> Persona -> AudioEditor -> LevelEditor -> DerivedDataEditor -> OutputLog (allowed via AssetTools -> Landscape, AnimGraph -> GraphEditor, GraphEditor -> Persona)
* OutputLog -> Engine -> Kismet -> BlueprintEditorLibrary -> BlueprintGraph -> AssetTools -> Landscape -> MeshBuilder -> MeshBoneReduction -> AnimationBlueprintLibrary -> AnimGraph -> GraphEditor -> Persona -> AudioEditor -> LevelEditor -> DerivedDataEditor -> OutputLog (allowed via Engine -> Kismet, AssetTools -> Landscape, AnimGraph -> GraphEditor, GraphEditor -> Persona)
* OutputLog -> UnrealEd -> FoliageEdit -> DetailCustomizations -> Kismet -> BlueprintEditorLibrary -> BlueprintGraph -> AssetTools -> Landscape -> MeshBuilder -> MeshBoneReduction -> AnimationBlueprintLibrary -> AnimGraph -> GraphEditor -> Persona -> AudioEditor -> LevelEditor -> DerivedDataEditor -> OutputLog (allowed via UnrealEd -> FoliageEdit, AssetTools -> Landscape, AnimGraph -> GraphEditor, GraphEditor -> Persona)
Allowed circular dependency for 'Source\Editor\PIEPreviewDeviceProfileSelector\PIEPreviewDeviceProfileSelector.Build.cs' detected:
* PIEPreviewDeviceProfileSelector -> UnrealEd -> PIEPreviewDeviceProfileSelector (allowed via PIEPreviewDeviceProfileSelector -> UnrealEd)
Allowed circular dependency for 'Source\Editor\PackagesDialog\PackagesDialog.Build.cs' detected:
* PackagesDialog -> UnrealEd -> FoliageEdit -> DetailCustomizations -> Kismet -> BlueprintEditorLibrary -> BlueprintGraph -> AssetTools -> Landscape -> MeshBuilder -> MeshBoneReduction -> AnimationBlueprintLibrary -> AnimGraph -> GraphEditor -> Persona -> AudioEditor -> LevelEditor -> UncontrolledChangelists -> PackagesDialog (allowed via UnrealEd -> FoliageEdit, AssetTools -> Landscape, AnimGraph -> GraphEditor, GraphEditor -> Persona)
* PackagesDialog -> SourceControl -> EditorFramework -> Engine -> Kismet -> BlueprintEditorLibrary -> BlueprintGraph -> AssetTools -> Landscape -> MeshBuilder -> MeshBoneReduction -> AnimationBlueprintLibrary -> AnimGraph -> GraphEditor -> Persona -> AudioEditor -> LevelEditor -> UncontrolledChangelists -> PackagesDialog (allowed via Engine -> Kismet, AssetTools -> Landscape, AnimGraph -> GraphEditor, GraphEditor -> Persona)
Allowed circular dependency for 'Source\Runtime\PacketHandlers\PacketHandler\PacketHandler.Build.cs' detected:
* PacketHandler -> ReliabilityHandlerComponent -> PacketHandler (allowed via PacketHandler -> ReliabilityHandlerComponent)
Allowed circular dependency for 'Source\Editor\Persona\Persona.Build.cs' detected:
* Persona -> GraphEditor -> Persona (allowed via GraphEditor -> Persona)
* Persona -> AnimationModifiers -> AssetTools -> Landscape -> MeshUtilities -> Persona (allowed via AssetTools -> Landscape, Landscape -> MeshUtilities)
* Persona -> BlueprintGraph -> AssetTools -> Landscape -> MeshUtilities -> Persona (allowed via AssetTools -> Landscape, Landscape -> MeshUtilities)
* Persona -> ContentBrowser -> AssetTools -> Landscape -> MeshUtilities -> Persona (allowed via AssetTools -> Landscape, Landscape -> MeshUtilities)
* Persona -> StatusBar -> SourceControlWindows -> AssetTools -> Landscape -> MeshUtilities -> Persona (allowed via AssetTools -> Landscape, Landscape -> MeshUtilities)
* Persona -> AudioEditor -> UMGEditor -> Blutility -> AssetTools -> Landscape -> MeshUtilities -> Persona (allowed via UMGEditor -> Blutility, AssetTools -> Landscape, Landscape -> MeshUtilities)
* Persona -> Kismet -> UMGEditor -> Blutility -> AssetTools -> Landscape -> MeshUtilities -> Persona (allowed via Kismet -> UMGEditor, UMGEditor -> Blutility, AssetTools -> Landscape, Landscape -> MeshUtilities)
* Persona -> UnrealEd -> FoliageEdit -> DataLayerEditor -> AssetTools -> Landscape -> MeshUtilities -> Persona (allowed via UnrealEd -> FoliageEdit, AssetTools -> Landscape, Landscape -> MeshUtilities)
* Persona -> PropertyEditor -> CQTest -> LevelEditor -> DataLayerEditor -> AssetTools -> Landscape -> MeshUtilities -> Persona (allowed via AssetTools -> Landscape, Landscape -> MeshUtilities)
* Persona -> AnimationEditMode -> EditorInteractiveToolsFramework -> LevelEditor -> DataLayerEditor -> AssetTools -> Landscape -> MeshUtilities -> Persona (allowed via AssetTools -> Landscape, Landscape -> MeshUtilities)
* Persona -> Engine -> CinematicCamera -> MovieSceneTracks -> DataLayerEditor -> AssetTools -> Landscape -> MeshUtilities -> Persona (allowed via Engine -> CinematicCamera, AssetTools -> Landscape, Landscape -> MeshUtilities)
* Persona -> CurveEditor -> UMG -> MovieSceneTracks -> DataLayerEditor -> AssetTools -> Landscape -> MeshUtilities -> Persona (allowed via AssetTools -> Landscape, Landscape -> MeshUtilities)
* Persona -> Sequencer -> MovieSceneCaptureDialog -> MovieSceneTools -> SequenceRecorder -> LevelEditor -> DataLayerEditor -> AssetTools -> Landscape -> MeshUtilities -> Persona (allowed via Sequencer -> MovieSceneCaptureDialog, AssetTools -> Landscape, Landscape -> MeshUtilities)
Allowed circular dependency for 'Source\Developer\PhysicsUtilities\PhysicsUtilities.Build.cs' detected:
* PhysicsUtilities -> Engine -> MaterialUtilities -> MaterialBaking -> MainFrame -> UATHelper -> GameProjectGeneration -> ClassViewer -> PropertyEditor -> CQTest -> LevelEditor -> KismetWidgets -> BlueprintGraph -> Kismet -> UMGEditor -> DetailCustomizations -> ComponentVisualizers -> AIModule -> UnrealEd -> AudioEditor -> Landscape -> MeshBuilder -> MeshBoneReduction -> AnimationBlueprintLibrary -> AnimGraph -> GraphEditor -> Persona -> AnimationModifiers -> AssetTools -> PhysicsUtilities (allowed via Engine -> MaterialUtilities, KismetWidgets -> BlueprintGraph, BlueprintGraph -> Kismet, Kismet -> UMGEditor, UnrealEd -> AudioEditor, AnimGraph -> GraphEditor, GraphEditor -> Persona)
Allowed circular dependency for 'Source\Editor\PixelInspector\PixelInspectorModule.Build.cs' detected:
* PixelInspectorModule -> PropertyEditor -> Documentation -> ContentBrowser -> AssetTools -> Landscape -> MeshBuilder -> MeshBoneReduction -> AnimationBlueprintLibrary -> AnimGraph -> GraphEditor -> Persona -> AudioEditor -> LevelEditor -> PixelInspectorModule (allowed via Documentation -> ContentBrowser, AssetTools -> Landscape, AnimGraph -> GraphEditor, GraphEditor -> Persona)
* PixelInspectorModule -> Engine -> Kismet -> BlueprintEditorLibrary -> BlueprintGraph -> AssetTools -> Landscape -> MeshBuilder -> MeshBoneReduction -> AnimationBlueprintLibrary -> AnimGraph -> GraphEditor -> Persona -> AudioEditor -> LevelEditor -> PixelInspectorModule (allowed via Engine -> Kismet, AssetTools -> Landscape, AnimGraph -> GraphEditor, GraphEditor -> Persona)
* PixelInspectorModule -> UnrealEd -> FoliageEdit -> DetailCustomizations -> Kismet -> BlueprintEditorLibrary -> BlueprintGraph -> AssetTools -> Landscape -> MeshBuilder -> MeshBoneReduction -> AnimationBlueprintLibrary -> AnimGraph -> GraphEditor -> Persona -> AudioEditor -> LevelEditor -> PixelInspectorModule (allowed via PixelInspectorModule -> UnrealEd, UnrealEd -> FoliageEdit, AssetTools -> Landscape, AnimGraph -> GraphEditor, GraphEditor -> Persona)
Allowed circular dependency for 'Source\Editor\PlacementMode\PlacementMode.Build.cs' detected:
* PlacementMode -> ContentBrowser -> Documentation -> MainFrame -> TranslationEditor -> GraphEditor -> Persona -> AudioEditor -> DetailCustomizations -> VirtualTexturingEditor -> PlacementMode (allowed via Documentation -> ContentBrowser, GraphEditor -> Persona, AudioEditor -> DetailCustomizations)
* PlacementMode -> AssetTools -> Landscape -> MeshBuilder -> MeshBoneReduction -> AnimationBlueprintLibrary -> AnimGraph -> GraphEditor -> Persona -> AudioEditor -> DetailCustomizations -> VirtualTexturingEditor -> PlacementMode (allowed via AssetTools -> Landscape, AnimGraph -> GraphEditor, GraphEditor -> Persona, AudioEditor -> DetailCustomizations)
* PlacementMode -> Engine -> Landscape -> MeshBuilder -> MeshBoneReduction -> AnimationBlueprintLibrary -> AnimGraph -> GraphEditor -> Persona -> AudioEditor -> DetailCustomizations -> VirtualTexturingEditor -> PlacementMode (allowed via Engine -> Landscape, AnimGraph -> GraphEditor, GraphEditor -> Persona, AudioEditor -> DetailCustomizations)
* PlacementMode -> UnrealEd -> FoliageEdit -> Landscape -> MeshBuilder -> MeshBoneReduction -> AnimationBlueprintLibrary -> AnimGraph -> GraphEditor -> Persona -> AudioEditor -> DetailCustomizations -> VirtualTexturingEditor -> PlacementMode (allowed via UnrealEd -> FoliageEdit, AnimGraph -> GraphEditor, GraphEditor -> Persona, AudioEditor -> DetailCustomizations)
* PlacementMode -> LevelEditor -> KismetWidgets -> BlueprintGraph -> Kismet -> UMGEditor -> Sequencer -> MovieSceneCaptureDialog -> MovieSceneTools -> MaterialEditor -> Landscape -> MeshBuilder -> MeshBoneReduction -> AnimationBlueprintLibrary -> AnimGraph -> GraphEditor -> Persona -> AudioEditor -> DetailCustomizations -> VirtualTexturingEditor -> PlacementMode (allowed via KismetWidgets -> BlueprintGraph, BlueprintGraph -> Kismet, Kismet -> UMGEditor, Sequencer -> MovieSceneCaptureDialog, AnimGraph -> GraphEditor, GraphEditor -> Persona, AudioEditor -> DetailCustomizations)
Allowed circular dependency for 'Source\Editor\PropertyEditor\PropertyEditor.Build.cs' detected:
* PropertyEditor -> ConfigEditor -> PropertyEditor (allowed via ConfigEditor -> PropertyEditor)
* PropertyEditor -> UnrealEd -> AudioEditor -> DetailCustomizations -> SkeletonEditor -> AnimationWidgets -> GraphEditor -> Persona -> AnimationModifiers -> AnimationBlueprintLibrary -> AnimGraph -> PropertyEditor (allowed via UnrealEd -> PropertyEditor, AudioEditor -> DetailCustomizations, GraphEditor -> Persona, AnimGraph -> PropertyEditor)
* PropertyEditor -> Documentation -> ContentBrowser -> AssetTools -> Kismet -> UMGEditor -> DetailCustomizations -> SkeletonEditor -> AnimationWidgets -> GraphEditor -> Persona -> AnimationModifiers -> AnimationBlueprintLibrary -> AnimGraph -> PropertyEditor (allowed via Documentation -> ContentBrowser, AssetTools -> Kismet, Kismet -> UMGEditor, GraphEditor -> Persona, AnimGraph -> PropertyEditor)
* PropertyEditor -> SceneOutliner -> SourceControlWindows -> AssetTools -> Kismet -> UMGEditor -> DetailCustomizations -> SkeletonEditor -> AnimationWidgets -> GraphEditor -> Persona -> AnimationModifiers -> AnimationBlueprintLibrary -> AnimGraph -> PropertyEditor (allowed via AssetTools -> Kismet, Kismet -> UMGEditor, GraphEditor -> Persona, AnimGraph -> PropertyEditor)
* PropertyEditor -> CQTest -> LevelEditor -> KismetWidgets -> BlueprintGraph -> AssetTools -> Kismet -> UMGEditor -> DetailCustomizations -> SkeletonEditor -> AnimationWidgets -> GraphEditor -> Persona -> AnimationModifiers -> AnimationBlueprintLibrary -> AnimGraph -> PropertyEditor (allowed via KismetWidgets -> BlueprintGraph, AssetTools -> Kismet, Kismet -> UMGEditor, GraphEditor -> Persona, AnimGraph -> PropertyEditor)
* PropertyEditor -> Engine -> Landscape -> MeshUtilities -> LevelEditor -> KismetWidgets -> BlueprintGraph -> AssetTools -> Kismet -> UMGEditor -> DetailCustomizations -> SkeletonEditor -> AnimationWidgets -> GraphEditor -> Persona -> AnimationModifiers -> AnimationBlueprintLibrary -> AnimGraph -> PropertyEditor (allowed via Engine -> Landscape, Landscape -> MeshUtilities, KismetWidgets -> BlueprintGraph, AssetTools -> Kismet, Kismet -> UMGEditor, GraphEditor -> Persona, AnimGraph -> PropertyEditor)
Allowed circular dependency for 'Source\Runtime\PacketHandlers\ReliabilityHandlerComponent\ReliabilityHandlerComponent.Build.cs' detected:
* ReliabilityHandlerComponent -> PacketHandler -> ReliabilityHandlerComponent (allowed via PacketHandler -> ReliabilityHandlerComponent)
Allowed circular dependency for 'Source\Runtime\Renderer\Renderer.Build.cs' detected:
* Renderer -> Engine -> Kismet -> BlueprintEditorLibrary -> BlueprintGraph -> AssetTools -> Landscape -> MeshBuilder -> MeshBoneReduction -> AnimationBlueprintLibrary -> AnimGraph -> GraphEditor -> Persona -> AudioEditor -> DetailCustomizations -> ComponentVisualizers -> AIModule -> GameplayDebugger -> DrawPrimitiveDebugger -> Renderer (allowed via Engine -> Kismet, AssetTools -> Landscape, AnimGraph -> GraphEditor, GraphEditor -> Persona, AudioEditor -> DetailCustomizations)
* Renderer -> MaterialShaderQualitySettings -> PropertyEditor -> CQTest -> LevelEditor -> ActionableMessage -> UnrealEd -> UniversalObjectLocatorEditor -> Sequencer -> MovieSceneCaptureDialog -> MovieSceneTools -> KismetCompiler -> Kismet -> BlueprintEditorLibrary -> BlueprintGraph -> AssetTools -> Landscape -> MeshBuilder -> MeshBoneReduction -> AnimationBlueprintLibrary -> AnimGraph -> GraphEditor -> Persona -> AudioEditor -> DetailCustomizations -> ComponentVisualizers -> AIModule -> GameplayDebugger -> DrawPrimitiveDebugger -> Renderer (allowed via UnrealEd -> UniversalObjectLocatorEditor, Sequencer -> UniversalObjectLocatorEditor, Kismet -> KismetCompiler, AssetTools -> Landscape, AnimGraph -> GraphEditor, GraphEditor -> Persona, AudioEditor -> DetailCustomizations)
Allowed circular dependency for 'Source\Editor\SceneDepthPickerMode\SceneDepthPickerMode.Build.cs' detected:
* SceneDepthPickerMode -> UnrealEd -> AudioEditor -> DetailCustomizations -> SkeletonEditor -> AnimationWidgets -> GraphEditor -> Persona -> AnimationModifiers -> AnimationBlueprintLibrary -> AnimGraph -> PropertyEditor -> SceneDepthPickerMode (allowed via UnrealEd -> AudioEditor, AudioEditor -> DetailCustomizations, GraphEditor -> Persona, AnimGraph -> PropertyEditor)
* SceneDepthPickerMode -> Engine -> Landscape -> MeshUtilities -> LevelEditor -> KismetWidgets -> BlueprintGraph -> AssetTools -> Kismet -> UMGEditor -> DetailCustomizations -> SkeletonEditor -> AnimationWidgets -> GraphEditor -> Persona -> AnimationModifiers -> AnimationBlueprintLibrary -> AnimGraph -> PropertyEditor -> SceneDepthPickerMode (allowed via Engine -> Landscape, Landscape -> MeshUtilities, KismetWidgets -> BlueprintGraph, AssetTools -> Kismet, Kismet -> UMGEditor, GraphEditor -> Persona, AnimGraph -> PropertyEditor)
Allowed circular dependency for 'Source\Editor\SceneOutliner\SceneOutliner.Build.cs' detected:
* SceneOutliner -> UnrealEd -> FoliageEdit -> DataLayerEditor -> SceneOutliner (allowed via UnrealEd -> FoliageEdit)
* SceneOutliner -> SourceControlWindows -> AssetTools -> Landscape -> MeshBuilder -> MeshBoneReduction -> AnimationBlueprintLibrary -> AnimGraph -> GraphEditor -> Persona -> AudioEditor -> LevelEditor -> DataLayerEditor -> SceneOutliner (allowed via AssetTools -> Landscape, AnimGraph -> GraphEditor, GraphEditor -> Persona)
* SceneOutliner -> Engine -> Kismet -> BlueprintEditorLibrary -> BlueprintGraph -> AssetTools -> Landscape -> MeshBuilder -> MeshBoneReduction -> AnimationBlueprintLibrary -> AnimGraph -> GraphEditor -> Persona -> AudioEditor -> LevelEditor -> DataLayerEditor -> SceneOutliner (allowed via Engine -> Kismet, AssetTools -> Landscape, AnimGraph -> GraphEditor, GraphEditor -> Persona)
Allowed circular dependency for 'Source\Developer\ScreenShotComparisonTools\ScreenShotComparisonTools.Build.cs' detected:
* ScreenShotComparisonTools -> AutomationMessages -> AutomationTest -> SourceControl -> EditorFramework -> Engine -> MaterialUtilities -> MaterialBaking -> MainFrame -> UATHelper -> GameProjectGeneration -> ClassViewer -> PropertyEditor -> CQTest -> LevelEditor -> ActionableMessage -> UnrealEd -> FoliageEdit -> DetailCustomizations -> Kismet -> BlueprintEditorLibrary -> BlueprintGraph -> AssetTools -> Landscape -> MeshBuilder -> MeshBoneReduction -> AnimationBlueprintLibrary -> AnimGraph -> GraphEditor -> Persona -> AudioEditor -> UMGEditor -> Blutility -> AutomationController -> ScreenShotComparisonTools (allowed via Engine -> MaterialUtilities, UnrealEd -> FoliageEdit, AssetTools -> Landscape, AnimGraph -> GraphEditor, GraphEditor -> Persona, UMGEditor -> Blutility)
Allowed circular dependency for 'Source\Editor\SequenceRecorder\SequenceRecorder.Build.cs' detected:
* SequenceRecorder -> MovieSceneTracks -> BlueprintGraph -> AssetTools -> Landscape -> MeshBuilder -> MeshBoneReduction -> AnimationBlueprintLibrary -> AnimGraph -> GraphEditor -> Persona -> AudioEditor -> DetailCustomizations -> MovieSceneTools -> SequenceRecorder (allowed via AssetTools -> Landscape, AnimGraph -> GraphEditor, GraphEditor -> Persona, AudioEditor -> DetailCustomizations)
* SequenceRecorder -> Sequencer -> BlueprintGraph -> AssetTools -> Landscape -> MeshBuilder -> MeshBoneReduction -> AnimationBlueprintLibrary -> AnimGraph -> GraphEditor -> Persona -> AudioEditor -> DetailCustomizations -> MovieSceneTools -> SequenceRecorder (allowed via AssetTools -> Landscape, AnimGraph -> GraphEditor, GraphEditor -> Persona, AudioEditor -> DetailCustomizations)
* SequenceRecorder -> SceneOutliner -> SourceControlWindows -> AssetTools -> Landscape -> MeshBuilder -> MeshBoneReduction -> AnimationBlueprintLibrary -> AnimGraph -> GraphEditor -> Persona -> AudioEditor -> DetailCustomizations -> MovieSceneTools -> SequenceRecorder (allowed via AssetTools -> Landscape, AnimGraph -> GraphEditor, GraphEditor -> Persona, AudioEditor -> DetailCustomizations)
* SequenceRecorder -> Kismet -> BlueprintEditorLibrary -> BlueprintGraph -> AssetTools -> Landscape -> MeshBuilder -> MeshBoneReduction -> AnimationBlueprintLibrary -> AnimGraph -> GraphEditor -> Persona -> AudioEditor -> DetailCustomizations -> MovieSceneTools -> SequenceRecorder (allowed via AssetTools -> Landscape, AnimGraph -> GraphEditor, GraphEditor -> Persona, AudioEditor -> DetailCustomizations)
* SequenceRecorder -> LevelEditor -> KismetWidgets -> BlueprintGraph -> AssetTools -> Landscape -> MeshBuilder -> MeshBoneReduction -> AnimationBlueprintLibrary -> AnimGraph -> GraphEditor -> Persona -> AudioEditor -> DetailCustomizations -> MovieSceneTools -> SequenceRecorder (allowed via KismetWidgets -> BlueprintGraph, AssetTools -> Landscape, AnimGraph -> GraphEditor, GraphEditor -> Persona, AudioEditor -> DetailCustomizations)
* SequenceRecorder -> PropertyEditor -> Documentation -> ContentBrowser -> AssetTools -> Landscape -> MeshBuilder -> MeshBoneReduction -> AnimationBlueprintLibrary -> AnimGraph -> GraphEditor -> Persona -> AudioEditor -> DetailCustomizations -> MovieSceneTools -> SequenceRecorder (allowed via Documentation -> ContentBrowser, AssetTools -> Landscape, AnimGraph -> GraphEditor, GraphEditor -> Persona, AudioEditor -> DetailCustomizations)
* SequenceRecorder -> UnrealEd -> SubobjectEditor -> KismetWidgets -> BlueprintGraph -> AssetTools -> Landscape -> MeshBuilder -> MeshBoneReduction -> AnimationBlueprintLibrary -> AnimGraph -> GraphEditor -> Persona -> AudioEditor -> DetailCustomizations -> MovieSceneTools -> SequenceRecorder (allowed via UnrealEd -> SubobjectEditor, KismetWidgets -> BlueprintGraph, AssetTools -> Landscape, AnimGraph -> GraphEditor, GraphEditor -> Persona, AudioEditor -> DetailCustomizations)
* SequenceRecorder -> Engine -> MaterialUtilities -> MaterialBaking -> MainFrame -> Documentation -> ContentBrowser -> AssetTools -> Landscape -> MeshBuilder -> MeshBoneReduction -> AnimationBlueprintLibrary -> AnimGraph -> GraphEditor -> Persona -> AudioEditor -> DetailCustomizations -> MovieSceneTools -> SequenceRecorder (allowed via Engine -> MaterialUtilities, Documentation -> ContentBrowser, AssetTools -> Landscape, AnimGraph -> GraphEditor, GraphEditor -> Persona, AudioEditor -> DetailCustomizations)
Allowed circular dependency for 'Source\Editor\Sequencer\Sequencer.Build.cs' detected:
* Sequencer -> UniversalObjectLocatorEditor -> Sequencer (allowed via Sequencer -> UniversalObjectLocatorEditor)
* Sequencer -> GraphEditor -> Persona -> AudioEditor -> DetailCustomizations -> Sequencer (allowed via GraphEditor -> Persona, AudioEditor -> DetailCustomizations)
* Sequencer -> BlueprintGraph -> AssetTools -> Landscape -> MeshUtilities -> Persona -> AudioEditor -> DetailCustomizations -> Sequencer (allowed via AssetTools -> Landscape, Landscape -> MeshUtilities, AudioEditor -> DetailCustomizations)
* Sequencer -> ContentBrowser -> AssetTools -> Landscape -> MeshUtilities -> Persona -> AudioEditor -> DetailCustomizations -> Sequencer (allowed via AssetTools -> Landscape, Landscape -> MeshUtilities, AudioEditor -> DetailCustomizations)
* Sequencer -> SubobjectDataInterface -> GameProjectGeneration -> AssetTools -> Landscape -> MeshUtilities -> Persona -> AudioEditor -> DetailCustomizations -> Sequencer (allowed via AssetTools -> Landscape, Landscape -> MeshUtilities, AudioEditor -> DetailCustomizations)
* Sequencer -> SceneOutliner -> SourceControlWindows -> AssetTools -> Landscape -> MeshUtilities -> Persona -> AudioEditor -> DetailCustomizations -> Sequencer (allowed via AssetTools -> Landscape, Landscape -> MeshUtilities, AudioEditor -> DetailCustomizations)
* Sequencer -> Engine -> Kismet -> UMGEditor -> Blutility -> AssetTools -> Landscape -> MeshUtilities -> Persona -> AudioEditor -> DetailCustomizations -> Sequencer (allowed via Engine -> Kismet, Kismet -> UMGEditor, UMGEditor -> Blutility, AssetTools -> Landscape, Landscape -> MeshUtilities, AudioEditor -> DetailCustomizations)
* Sequencer -> MovieSceneTools -> AnimationBlueprintLibrary -> AnimGraph -> Kismet -> UMGEditor -> Blutility -> AssetTools -> Landscape -> MeshUtilities -> Persona -> AudioEditor -> DetailCustomizations -> Sequencer (allowed via Sequencer -> MovieSceneTools, AnimGraph -> Kismet, Kismet -> UMGEditor, UMGEditor -> Blutility, AssetTools -> Landscape, Landscape -> MeshUtilities, AudioEditor -> DetailCustomizations)
* Sequencer -> MovieSceneTracks -> AnimationBlueprintLibrary -> AnimGraph -> Kismet -> UMGEditor -> Blutility -> AssetTools -> Landscape -> MeshUtilities -> Persona -> AudioEditor -> DetailCustomizations -> Sequencer (allowed via AnimGraph -> Kismet, Kismet -> UMGEditor, UMGEditor -> Blutility, AssetTools -> Landscape, Landscape -> MeshUtilities, AudioEditor -> DetailCustomizations)
* Sequencer -> ViewportInteraction -> LevelEditor -> SubobjectEditor -> Kismet -> UMGEditor -> Blutility -> AssetTools -> Landscape -> MeshUtilities -> Persona -> AudioEditor -> DetailCustomizations -> Sequencer (allowed via Sequencer -> ViewportInteraction, Kismet -> SubobjectEditor, UMGEditor -> Blutility, AssetTools -> Landscape, Landscape -> MeshUtilities, AudioEditor -> DetailCustomizations)
* Sequencer -> PropertyEditor -> CQTest -> LevelEditor -> SubobjectEditor -> Kismet -> UMGEditor -> Blutility -> AssetTools -> Landscape -> MeshUtilities -> Persona -> AudioEditor -> DetailCustomizations -> Sequencer (allowed via Kismet -> SubobjectEditor, UMGEditor -> Blutility, AssetTools -> Landscape, Landscape -> MeshUtilities, AudioEditor -> DetailCustomizations)
* Sequencer -> UnrealEd -> MeshBuilder -> MeshBoneReduction -> AnimationBlueprintLibrary -> AnimGraph -> Kismet -> UMGEditor -> Blutility -> AssetTools -> Landscape -> MeshUtilities -> Persona -> AudioEditor -> DetailCustomizations -> Sequencer (allowed via UnrealEd -> MeshBuilder, AnimGraph -> Kismet, Kismet -> UMGEditor, UMGEditor -> Blutility, AssetTools -> Landscape, Landscape -> MeshUtilities, AudioEditor -> DetailCustomizations)
Allowed circular dependency for 'Source\Editor\SequencerCore\SequencerCore.Build.cs' detected:
* SequencerCore -> GraphEditor -> Persona -> AudioEditor -> DetailCustomizations -> MovieSceneTools -> SequencerCore (allowed via GraphEditor -> Persona, AudioEditor -> DetailCustomizations)
* SequencerCore -> UnrealEd -> MeshBuilder -> MeshBoneReduction -> AnimationBlueprintLibrary -> AnimGraph -> BlueprintGraph -> AssetTools -> Landscape -> MeshUtilities -> Persona -> AudioEditor -> DetailCustomizations -> MovieSceneTools -> SequencerCore (allowed via UnrealEd -> MeshBuilder, AnimGraph -> BlueprintGraph, AssetTools -> Landscape, Landscape -> MeshUtilities, AudioEditor -> DetailCustomizations)
* SequencerCore -> Engine -> CinematicCamera -> MovieSceneTracks -> AnimationBlueprintLibrary -> AnimGraph -> BlueprintGraph -> AssetTools -> Landscape -> MeshUtilities -> Persona -> AudioEditor -> DetailCustomizations -> MovieSceneTools -> SequencerCore (allowed via Engine -> CinematicCamera, AnimGraph -> BlueprintGraph, AssetTools -> Landscape, Landscape -> MeshUtilities, AudioEditor -> DetailCustomizations)
* SequencerCore -> CurveEditor -> PropertyEditor -> CQTest -> LevelEditor -> SubobjectEditor -> Kismet -> UMGEditor -> Sequencer -> CinematicCamera -> MovieSceneTracks -> AnimationBlueprintLibrary -> AnimGraph -> BlueprintGraph -> AssetTools -> Landscape -> MeshUtilities -> Persona -> AudioEditor -> DetailCustomizations -> MovieSceneTools -> SequencerCore (allowed via Kismet -> SubobjectEditor, AnimGraph -> BlueprintGraph, AssetTools -> Landscape, Landscape -> MeshUtilities, AudioEditor -> DetailCustomizations)
Allowed circular dependency for 'Source\Editor\SequencerWidgets\SequencerWidgets.Build.cs' detected:
* SequencerWidgets -> MovieScene -> Engine -> Kismet -> BlueprintEditorLibrary -> BlueprintGraph -> AssetTools -> Landscape -> MeshBuilder -> MeshBoneReduction -> AnimationBlueprintLibrary -> AnimGraph -> GraphEditor -> Persona -> AudioEditor -> DetailCustomizations -> MovieSceneTools -> CurveEditor -> SequencerWidgets (allowed via Engine -> Kismet, AssetTools -> Landscape, AnimGraph -> GraphEditor, GraphEditor -> Persona, AudioEditor -> DetailCustomizations)
Allowed circular dependency for 'Source\Developer\SettingsEditor\SettingsEditor.Build.cs' detected:
* SettingsEditor -> Engine -> Kismet -> BlueprintEditorLibrary -> BlueprintGraph -> AssetTools -> Landscape -> MeshBuilder -> MeshBoneReduction -> AnimationBlueprintLibrary -> AnimGraph -> GraphEditor -> Persona -> AudioEditor -> DetailCustomizations -> SettingsEditor (allowed via Engine -> Kismet, AssetTools -> Landscape, AnimGraph -> GraphEditor, GraphEditor -> Persona, AudioEditor -> DetailCustomizations)
* SettingsEditor -> SourceControl -> UnrealEd -> UniversalObjectLocatorEditor -> Sequencer -> MovieSceneCaptureDialog -> MovieSceneTools -> KismetCompiler -> Kismet -> BlueprintEditorLibrary -> BlueprintGraph -> AssetTools -> Landscape -> MeshBuilder -> MeshBoneReduction -> AnimationBlueprintLibrary -> AnimGraph -> GraphEditor -> Persona -> AudioEditor -> DetailCustomizations -> SettingsEditor (allowed via SourceControl -> UnrealEd, UnrealEd -> UniversalObjectLocatorEditor, Sequencer -> UniversalObjectLocatorEditor, Kismet -> KismetCompiler, AssetTools -> Landscape, AnimGraph -> GraphEditor, GraphEditor -> Persona, AudioEditor -> DetailCustomizations)
* SettingsEditor -> PropertyEditor -> CQTest -> LevelEditor -> ActionableMessage -> UnrealEd -> UniversalObjectLocatorEditor -> Sequencer -> MovieSceneCaptureDialog -> MovieSceneTools -> KismetCompiler -> Kismet -> BlueprintEditorLibrary -> BlueprintGraph -> AssetTools -> Landscape -> MeshBuilder -> MeshBoneReduction -> AnimationBlueprintLibrary -> AnimGraph -> GraphEditor -> Persona -> AudioEditor -> DetailCustomizations -> SettingsEditor (allowed via UnrealEd -> UniversalObjectLocatorEditor, Sequencer -> UniversalObjectLocatorEditor, Kismet -> KismetCompiler, AssetTools -> Landscape, AnimGraph -> GraphEditor, GraphEditor -> Persona, AudioEditor -> DetailCustomizations)
Allowed circular dependency for 'Source\Developer\SharedSettingsWidgets\SharedSettingsWidgets.Build.cs' detected:
* SharedSettingsWidgets -> Engine -> Kismet -> BlueprintEditorLibrary -> BlueprintGraph -> AssetTools -> Landscape -> MeshBuilder -> MeshBoneReduction -> AnimationBlueprintLibrary -> AnimGraph -> GraphEditor -> Persona -> AudioEditor -> DetailCustomizations -> SharedSettingsWidgets (allowed via Engine -> Kismet, AssetTools -> Landscape, AnimGraph -> GraphEditor, GraphEditor -> Persona, AudioEditor -> DetailCustomizations)
* SharedSettingsWidgets -> SourceControl -> UnrealEd -> UniversalObjectLocatorEditor -> Sequencer -> MovieSceneCaptureDialog -> MovieSceneTools -> KismetCompiler -> Kismet -> BlueprintEditorLibrary -> BlueprintGraph -> AssetTools -> Landscape -> MeshBuilder -> MeshBoneReduction -> AnimationBlueprintLibrary -> AnimGraph -> GraphEditor -> Persona -> AudioEditor -> DetailCustomizations -> SharedSettingsWidgets (allowed via SourceControl -> UnrealEd, UnrealEd -> UniversalObjectLocatorEditor, Sequencer -> UniversalObjectLocatorEditor, Kismet -> KismetCompiler, AssetTools -> Landscape, AnimGraph -> GraphEditor, GraphEditor -> Persona, AudioEditor -> DetailCustomizations)
* SharedSettingsWidgets -> ExternalImagePicker -> PropertyEditor -> CQTest -> LevelEditor -> ActionableMessage -> UnrealEd -> UniversalObjectLocatorEditor -> Sequencer -> MovieSceneCaptureDialog -> MovieSceneTools -> KismetCompiler -> Kismet -> BlueprintEditorLibrary -> BlueprintGraph -> AssetTools -> Landscape -> MeshBuilder -> MeshBoneReduction -> AnimationBlueprintLibrary -> AnimGraph -> GraphEditor -> Persona -> AudioEditor -> DetailCustomizations -> SharedSettingsWidgets (allowed via UnrealEd -> UniversalObjectLocatorEditor, Sequencer -> UniversalObjectLocatorEditor, Kismet -> KismetCompiler, AssetTools -> Landscape, AnimGraph -> GraphEditor, GraphEditor -> Persona, AudioEditor -> DetailCustomizations)
Allowed circular dependency for 'Source\Developer\SkeletalMeshUtilitiesCommon\SkeletalMeshUtilitiesCommon.Build.cs' detected:
* SkeletalMeshUtilitiesCommon -> Engine -> MaterialUtilities -> MaterialBaking -> MainFrame -> UATHelper -> GameProjectGeneration -> ClassViewer -> PropertyEditor -> CQTest -> LevelEditor -> KismetWidgets -> BlueprintGraph -> Kismet -> UMGEditor -> DetailCustomizations -> ComponentVisualizers -> AIModule -> UnrealEd -> AudioEditor -> Landscape -> MeshBuilder -> MeshBoneReduction -> AnimationBlueprintLibrary -> AnimGraph -> GraphEditor -> Persona -> AnimationModifiers -> AssetTools -> InterchangeEngine -> SkeletalMeshUtilitiesCommon (allowed via Engine -> MaterialUtilities, KismetWidgets -> BlueprintGraph, BlueprintGraph -> Kismet, Kismet -> UMGEditor, UnrealEd -> AudioEditor, AnimGraph -> GraphEditor, GraphEditor -> Persona)
Allowed circular dependency for 'Source\Editor\SkeletonEditor\SkeletonEditor.Build.cs' detected:
* SkeletonEditor -> Persona -> AudioEditor -> DetailCustomizations -> SkeletonEditor (allowed via AudioEditor -> DetailCustomizations)
* SkeletonEditor -> UnrealEd -> AudioEditor -> DetailCustomizations -> SkeletonEditor (allowed via UnrealEd -> AudioEditor, AudioEditor -> DetailCustomizations)
* SkeletonEditor -> Kismet -> UMGEditor -> DetailCustomizations -> SkeletonEditor (allowed via Kismet -> UMGEditor)
Allowed circular dependency for 'Source\Runtime\SlateRHIRenderer\SlateRHIRenderer.Build.cs' detected:
* SlateRHIRenderer -> Engine -> Kismet -> BlueprintEditorLibrary -> BlueprintGraph -> AssetTools -> Landscape -> MeshBuilder -> MeshBoneReduction -> AnimationBlueprintLibrary -> AnimGraph -> GraphEditor -> Persona -> AudioEditor -> DetailCustomizations -> AdvancedWidgets -> UMG -> SlateRHIRenderer (allowed via Engine -> Kismet, AssetTools -> Landscape, AnimGraph -> GraphEditor, GraphEditor -> Persona, AudioEditor -> DetailCustomizations)
* SlateRHIRenderer -> Renderer -> MaterialShaderQualitySettings -> PropertyEditor -> CQTest -> LevelEditor -> ActionableMessage -> UnrealEd -> UniversalObjectLocatorEditor -> Sequencer -> MovieSceneCaptureDialog -> MovieSceneTools -> KismetCompiler -> Kismet -> BlueprintEditorLibrary -> BlueprintGraph -> AssetTools -> Landscape -> MeshBuilder -> MeshBoneReduction -> AnimationBlueprintLibrary -> AnimGraph -> GraphEditor -> Persona -> AudioEditor -> DetailCustomizations -> AdvancedWidgets -> UMG -> SlateRHIRenderer (allowed via UnrealEd -> UniversalObjectLocatorEditor, Sequencer -> UniversalObjectLocatorEditor, Kismet -> KismetCompiler, AssetTools -> Landscape, AnimGraph -> GraphEditor, GraphEditor -> Persona, AudioEditor -> DetailCustomizations)
Allowed circular dependency for 'Source\Developer\SlateReflector\SlateReflector.Build.cs' detected:
* SlateReflector -> UnrealEd -> FoliageEdit -> DetailCustomizations -> Kismet -> BlueprintEditorLibrary -> BlueprintGraph -> AssetTools -> Landscape -> MeshBuilder -> MeshBoneReduction -> AnimationBlueprintLibrary -> AnimGraph -> GraphEditor -> Persona -> AudioEditor -> UMGEditor -> SlateReflector (allowed via UnrealEd -> FoliageEdit, AssetTools -> Landscape, AnimGraph -> GraphEditor, GraphEditor -> Persona)
* SlateReflector -> PropertyEditor -> CQTest -> LevelEditor -> ActionableMessage -> Engine -> Kismet -> BlueprintEditorLibrary -> BlueprintGraph -> AssetTools -> Landscape -> MeshBuilder -> MeshBoneReduction -> AnimationBlueprintLibrary -> AnimGraph -> GraphEditor -> Persona -> AudioEditor -> UMGEditor -> SlateReflector (allowed via Engine -> Kismet, AssetTools -> Landscape, AnimGraph -> GraphEditor, GraphEditor -> Persona)
Allowed circular dependency for 'Source\Runtime\SoundFieldRendering\SoundFieldRendering.Build.cs' detected:
* SoundFieldRendering -> AudioMixer -> SoundFieldRendering (allowed via AudioMixer -> SoundFieldRendering)
Allowed circular dependency for 'Source\Developer\SourceControl\SourceControl.Build.cs' detected:
* SourceControl -> UnrealEd -> AudioEditor -> Landscape -> MeshBuilder -> MeshBoneReduction -> AnimationBlueprintLibrary -> AnimGraph -> GraphEditor -> Persona -> AnimationModifiers -> AssetTools -> SourceControl (allowed via SourceControl -> UnrealEd, UnrealEd -> AudioEditor, AnimGraph -> GraphEditor, GraphEditor -> Persona)
* SourceControl -> Engine -> MaterialUtilities -> MaterialBaking -> MainFrame -> UATHelper -> GameProjectGeneration -> ClassViewer -> PropertyEditor -> CQTest -> LevelEditor -> KismetWidgets -> BlueprintGraph -> Kismet -> UMGEditor -> DetailCustomizations -> Landscape -> MeshBuilder -> MeshBoneReduction -> AnimationBlueprintLibrary -> AnimGraph -> GraphEditor -> Persona -> AnimationModifiers -> AssetTools -> SourceControl (allowed via Engine -> MaterialUtilities, KismetWidgets -> BlueprintGraph, BlueprintGraph -> Kismet, Kismet -> UMGEditor, AnimGraph -> GraphEditor, GraphEditor -> Persona)
Allowed circular dependency for 'Source\Editor\SourceControlWindows\SourceControlWindows.Build.cs' detected:
* SourceControlWindows -> UnrealEd -> AudioEditor -> DetailCustomizations -> SkeletonEditor -> AnimationWidgets -> GraphEditor -> Persona -> AnimationModifiers -> AnimationBlueprintLibrary -> AnimGraph -> ContentBrowser -> SourceControlWindows (allowed via UnrealEd -> AudioEditor, AudioEditor -> DetailCustomizations, GraphEditor -> Persona, AnimGraph -> ContentBrowser)
* SourceControlWindows -> AssetTools -> Kismet -> UMGEditor -> DetailCustomizations -> SkeletonEditor -> AnimationWidgets -> GraphEditor -> Persona -> AnimationModifiers -> AnimationBlueprintLibrary -> AnimGraph -> ContentBrowser -> SourceControlWindows (allowed via AssetTools -> Kismet, Kismet -> UMGEditor, GraphEditor -> Persona, AnimGraph -> ContentBrowser)
* SourceControlWindows -> Engine -> MaterialUtilities -> MaterialBaking -> MainFrame -> UATHelper -> GameProjectGeneration -> ClassViewer -> PropertyEditor -> CQTest -> LevelEditor -> KismetWidgets -> BlueprintGraph -> Kismet -> UMGEditor -> DetailCustomizations -> SkeletonEditor -> AnimationWidgets -> GraphEditor -> Persona -> AnimationModifiers -> AnimationBlueprintLibrary -> AnimGraph -> ContentBrowser -> SourceControlWindows (allowed via Engine -> MaterialUtilities, KismetWidgets -> BlueprintGraph, BlueprintGraph -> Kismet, Kismet -> UMGEditor, GraphEditor -> Persona, AnimGraph -> ContentBrowser)
Allowed circular dependency for 'Source\Editor\StatsViewer\StatsViewer.Build.cs' detected:
* StatsViewer -> Landscape -> MeshBuilder -> MeshBoneReduction -> AnimationBlueprintLibrary -> AnimGraph -> GraphEditor -> Persona -> AudioEditor -> LevelEditor -> StatsViewer (allowed via AnimGraph -> GraphEditor, GraphEditor -> Persona)
* StatsViewer -> UnrealEd -> MeshBuilder -> MeshBoneReduction -> AnimationBlueprintLibrary -> AnimGraph -> GraphEditor -> Persona -> AudioEditor -> LevelEditor -> StatsViewer (allowed via UnrealEd -> StatsViewer, AnimGraph -> GraphEditor, GraphEditor -> Persona)
* StatsViewer -> Engine -> CinematicCamera -> MovieSceneTracks -> BlueprintGraph -> AssetTools -> Kismet -> UMGEditor -> DetailCustomizations -> MovieSceneTools -> AnimationBlueprintLibrary -> AnimGraph -> GraphEditor -> Persona -> AudioEditor -> LevelEditor -> StatsViewer (allowed via Engine -> CinematicCamera, AssetTools -> Kismet, Kismet -> UMGEditor, AnimGraph -> GraphEditor, GraphEditor -> Persona)
Allowed circular dependency for 'Source\Editor\StatusBar\StatusBar.Build.cs' detected:
* StatusBar -> UnrealEd -> AudioEditor -> DetailCustomizations -> SkeletonEditor -> AnimationWidgets -> GraphEditor -> Persona -> AnimationModifiers -> AnimationBlueprintLibrary -> AnimGraph -> ContentBrowser -> StatusBar (allowed via UnrealEd -> StatusBar, AudioEditor -> DetailCustomizations, GraphEditor -> Persona, AnimGraph -> ContentBrowser)
* StatusBar -> AssetTools -> Kismet -> UMGEditor -> DetailCustomizations -> SkeletonEditor -> AnimationWidgets -> GraphEditor -> Persona -> AnimationModifiers -> AnimationBlueprintLibrary -> AnimGraph -> ContentBrowser -> StatusBar (allowed via AssetTools -> Kismet, Kismet -> UMGEditor, GraphEditor -> Persona, AnimGraph -> ContentBrowser)
* StatusBar -> Engine -> MaterialUtilities -> MaterialBaking -> MainFrame -> UATHelper -> GameProjectGeneration -> ClassViewer -> PropertyEditor -> CQTest -> LevelEditor -> KismetWidgets -> BlueprintGraph -> Kismet -> UMGEditor -> DetailCustomizations -> SkeletonEditor -> AnimationWidgets -> GraphEditor -> Persona -> AnimationModifiers -> AnimationBlueprintLibrary -> AnimGraph -> ContentBrowser -> StatusBar (allowed via Engine -> MaterialUtilities, KismetWidgets -> BlueprintGraph, BlueprintGraph -> Kismet, Kismet -> UMGEditor, GraphEditor -> Persona, AnimGraph -> ContentBrowser)
Allowed circular dependency for 'Source\Editor\SubobjectDataInterface\SubobjectDataInterface.Build.cs' detected:
* SubobjectDataInterface -> BlueprintGraph -> GraphEditor -> Persona -> AnimationModifiers -> AnimationBlueprintLibrary -> AnimGraph -> Kismet -> SubobjectDataInterface (allowed via BlueprintGraph -> GraphEditor, GraphEditor -> Persona, AnimGraph -> Kismet)
* SubobjectDataInterface -> Engine -> GraphEditor -> Persona -> AnimationModifiers -> AnimationBlueprintLibrary -> AnimGraph -> Kismet -> SubobjectDataInterface (allowed via GraphEditor -> Persona, AnimGraph -> Kismet)
* SubobjectDataInterface -> UnrealEd -> AudioEditor -> DetailCustomizations -> SkeletonEditor -> AnimationWidgets -> GraphEditor -> Persona -> AnimationModifiers -> AnimationBlueprintLibrary -> AnimGraph -> Kismet -> SubobjectDataInterface (allowed via UnrealEd -> SubobjectDataInterface, AudioEditor -> DetailCustomizations, GraphEditor -> Persona, AnimGraph -> Kismet)
* SubobjectDataInterface -> GameProjectGeneration -> ClassViewer -> PropertyEditor -> CQTest -> LevelEditor -> HierarchicalLODOutliner -> HierarchicalLODUtilities -> MaterialUtilities -> MaterialBaking -> MainFrame -> Documentation -> ContentBrowser -> AssetTools -> MaterialEditor -> GraphEditor -> Persona -> AnimationModifiers -> AnimationBlueprintLibrary -> AnimGraph -> Kismet -> SubobjectDataInterface (allowed via Documentation -> ContentBrowser, AssetTools -> MaterialEditor, GraphEditor -> Persona, AnimGraph -> Kismet)
Allowed circular dependency for 'Source\Editor\SubobjectEditor\SubobjectEditor.Build.cs' detected:
* SubobjectEditor -> Kismet -> SubobjectEditor (allowed via Kismet -> SubobjectEditor)
* SubobjectEditor -> GraphEditor -> Persona -> AudioEditor -> LevelEditor -> SubobjectEditor (allowed via GraphEditor -> Persona)
* SubobjectEditor -> BlueprintGraph -> AssetTools -> Landscape -> MeshUtilities -> Persona -> AudioEditor -> LevelEditor -> SubobjectEditor (allowed via AssetTools -> Landscape, Landscape -> MeshUtilities)
* SubobjectEditor -> GameProjectGeneration -> ClassViewer -> PropertyEditor -> Documentation -> ContentBrowser -> AssetTools -> Landscape -> MeshUtilities -> Persona -> AudioEditor -> LevelEditor -> SubobjectEditor (allowed via Documentation -> ContentBrowser, AssetTools -> Landscape, Landscape -> MeshUtilities)
* SubobjectEditor -> KismetWidgets -> ClassViewer -> PropertyEditor -> Documentation -> ContentBrowser -> AssetTools -> Landscape -> MeshUtilities -> Persona -> AudioEditor -> LevelEditor -> SubobjectEditor (allowed via Documentation -> ContentBrowser, AssetTools -> Landscape, Landscape -> MeshUtilities)
* SubobjectEditor -> UnrealEd -> MeshBuilder -> MeshBoneReduction -> AnimationBlueprintLibrary -> AnimGraph -> ContentBrowser -> AssetTools -> Landscape -> MeshUtilities -> Persona -> AudioEditor -> LevelEditor -> SubobjectEditor (allowed via UnrealEd -> SubobjectEditor, AnimGraph -> ContentBrowser, AssetTools -> Landscape, Landscape -> MeshUtilities)
* SubobjectEditor -> Engine -> CinematicCamera -> MovieSceneTracks -> AnimationBlueprintLibrary -> AnimGraph -> ContentBrowser -> AssetTools -> Landscape -> MeshUtilities -> Persona -> AudioEditor -> LevelEditor -> SubobjectEditor (allowed via Engine -> CinematicCamera, AnimGraph -> ContentBrowser, AssetTools -> Landscape, Landscape -> MeshUtilities)
Allowed circular dependency for 'Source\Developer\TargetDeviceServices\TargetDeviceServices.Build.cs' detected:
* TargetDeviceServices -> TargetPlatform -> Engine -> Kismet -> BlueprintEditorLibrary -> BlueprintGraph -> AssetTools -> Landscape -> MeshBuilder -> MeshBoneReduction -> AnimationBlueprintLibrary -> AnimGraph -> GraphEditor -> Persona -> AudioEditor -> DetailCustomizations -> ComponentVisualizers -> AIModule -> UnrealEd -> TargetDeviceServices (allowed via Engine -> Kismet, AssetTools -> Landscape, AnimGraph -> GraphEditor, GraphEditor -> Persona, AudioEditor -> DetailCustomizations)
Allowed circular dependency for 'Source\Developer\TargetPlatform\TargetPlatform.Build.cs' detected:
* TargetPlatform -> Engine -> Kismet -> BlueprintEditorLibrary -> BlueprintGraph -> AssetTools -> Landscape -> MeshBuilder -> MeshBoneReduction -> AnimationBlueprintLibrary -> AnimGraph -> GraphEditor -> Persona -> AudioEditor -> DetailCustomizations -> ConfigEditor -> TargetPlatform (allowed via Engine -> Kismet, AssetTools -> Landscape, AnimGraph -> GraphEditor, GraphEditor -> Persona, AudioEditor -> DetailCustomizations)
Allowed circular dependency for 'Source\Runtime\TextureUtilitiesCommon\TextureUtilitiesCommon.build.cs' detected:
* TextureUtilitiesCommon -> Engine -> Kismet -> BlueprintEditorLibrary -> BlueprintGraph -> AssetTools -> Landscape -> MeshBuilder -> MeshBoneReduction -> AnimationBlueprintLibrary -> AnimGraph -> GraphEditor -> Persona -> AudioEditor -> DetailCustomizations -> ComponentVisualizers -> AIModule -> UnrealEd -> TextureUtilitiesCommon (allowed via Engine -> Kismet, AssetTools -> Landscape, AnimGraph -> GraphEditor, GraphEditor -> Persona, AudioEditor -> DetailCustomizations)
Allowed circular dependency for 'Source\Runtime\TimeManagement\TimeManagement.Build.cs' detected:
* TimeManagement -> Engine -> Landscape -> ActionableMessage -> UnrealEd -> AudioEditor -> UMGEditor -> Blutility -> BlueprintGraph -> AssetTools -> Kismet -> BlueprintEditorLibrary -> AnimGraph -> GraphEditor -> Persona -> AnimationModifiers -> AnimationBlueprintLibrary -> TimeManagement (allowed via Engine -> Landscape, UnrealEd -> AudioEditor, UMGEditor -> Blutility, AssetTools -> Kismet, AnimGraph -> GraphEditor, GraphEditor -> Persona)
Allowed circular dependency for 'Source\Editor\ToolMenusEditor\ToolMenusEditor.Build.cs' detected:
* ToolMenusEditor -> UnrealEd -> ToolMenusEditor (allowed via UnrealEd -> ToolMenusEditor)
Allowed circular dependency for 'Source\Developer\TranslationEditor\TranslationEditor.Build.cs' detected:
* TranslationEditor -> GraphEditor -> Persona -> AudioEditor -> LevelEditor -> TranslationEditor (allowed via GraphEditor -> Persona)
* TranslationEditor -> Documentation -> ContentBrowser -> AssetTools -> Landscape -> MeshUtilities -> Persona -> AudioEditor -> LevelEditor -> TranslationEditor (allowed via Documentation -> ContentBrowser, AssetTools -> Landscape, Landscape -> MeshUtilities)
* TranslationEditor -> PropertyEditor -> SceneOutliner -> SourceControlWindows -> AssetTools -> Landscape -> MeshUtilities -> Persona -> AudioEditor -> LevelEditor -> TranslationEditor (allowed via AssetTools -> Landscape, Landscape -> MeshUtilities)
* TranslationEditor -> UnrealEd -> MeshBuilder -> MeshBoneReduction -> AnimationBlueprintLibrary -> AnimGraph -> BlueprintGraph -> AssetTools -> Landscape -> MeshUtilities -> Persona -> AudioEditor -> LevelEditor -> TranslationEditor (allowed via UnrealEd -> MeshBuilder, AnimGraph -> BlueprintGraph, AssetTools -> Landscape, Landscape -> MeshUtilities)
* TranslationEditor -> Engine -> Kismet -> UMGEditor -> DetailCustomizations -> MovieSceneTools -> AnimationBlueprintLibrary -> AnimGraph -> BlueprintGraph -> AssetTools -> Landscape -> MeshUtilities -> Persona -> AudioEditor -> LevelEditor -> TranslationEditor (allowed via Engine -> Kismet, Kismet -> UMGEditor, AnimGraph -> BlueprintGraph, AssetTools -> Landscape, Landscape -> MeshUtilities)
Allowed circular dependency for 'Source\Editor\UATHelper\UATHelper.Build.cs' detected:
* UATHelper -> OutputLog -> StatusBar -> SourceControlWindows -> AssetTools -> Landscape -> MeshBuilder -> MeshBoneReduction -> AnimationBlueprintLibrary -> AnimGraph -> GraphEditor -> Persona -> AnimationModifiers -> MainFrame -> UATHelper (allowed via AssetTools -> Landscape, AnimGraph -> GraphEditor, GraphEditor -> Persona)
* UATHelper -> Engine -> Kismet -> BlueprintEditorLibrary -> BlueprintGraph -> AssetTools -> Landscape -> MeshBuilder -> MeshBoneReduction -> AnimationBlueprintLibrary -> AnimGraph -> GraphEditor -> Persona -> AnimationModifiers -> MainFrame -> UATHelper (allowed via Engine -> Kismet, AssetTools -> Landscape, AnimGraph -> GraphEditor, GraphEditor -> Persona)
* UATHelper -> UnrealEd -> AudioEditor -> UMGEditor -> Blutility -> Kismet -> BlueprintEditorLibrary -> BlueprintGraph -> AssetTools -> Landscape -> MeshBuilder -> MeshBoneReduction -> AnimationBlueprintLibrary -> AnimGraph -> GraphEditor -> Persona -> AnimationModifiers -> MainFrame -> UATHelper (allowed via UnrealEd -> UATHelper, UMGEditor -> Blutility, AssetTools -> Landscape, AnimGraph -> GraphEditor, GraphEditor -> Persona)
* UATHelper -> GameProjectGeneration -> ClassViewer -> PropertyEditor -> CQTest -> LevelEditor -> SubobjectEditor -> Kismet -> BlueprintEditorLibrary -> BlueprintGraph -> AssetTools -> Landscape -> MeshBuilder -> MeshBoneReduction -> AnimationBlueprintLibrary -> AnimGraph -> GraphEditor -> Persona -> AnimationModifiers -> MainFrame -> UATHelper (allowed via Kismet -> SubobjectEditor, AssetTools -> Landscape, AnimGraph -> GraphEditor, GraphEditor -> Persona)
Allowed circular dependency for 'Source\Runtime\UMG\UMG.Build.cs' detected:
* UMG -> Engine -> Kismet -> BlueprintEditorLibrary -> BlueprintGraph -> AssetTools -> Landscape -> MeshBuilder -> MeshBoneReduction -> AnimationBlueprintLibrary -> AnimGraph -> GraphEditor -> Persona -> AudioEditor -> DetailCustomizations -> AdvancedWidgets -> UMG (allowed via Engine -> UMG, AssetTools -> Landscape, AnimGraph -> GraphEditor, GraphEditor -> Persona, AudioEditor -> DetailCustomizations)
* UMG -> MovieSceneTracks -> DataLayerEditor -> PropertyEditor -> CQTest -> LevelEditor -> ActionableMessage -> UnrealEd -> UniversalObjectLocatorEditor -> Sequencer -> MovieSceneCaptureDialog -> MovieSceneTools -> KismetCompiler -> Kismet -> BlueprintEditorLibrary -> BlueprintGraph -> AssetTools -> Landscape -> MeshBuilder -> MeshBoneReduction -> AnimationBlueprintLibrary -> AnimGraph -> GraphEditor -> Persona -> AudioEditor -> DetailCustomizations -> AdvancedWidgets -> UMG (allowed via UnrealEd -> UniversalObjectLocatorEditor, Sequencer -> UniversalObjectLocatorEditor, Kismet -> KismetCompiler, AssetTools -> Landscape, AnimGraph -> GraphEditor, GraphEditor -> Persona, AudioEditor -> DetailCustomizations)
* UMG -> Renderer -> MaterialShaderQualitySettings -> PropertyEditor -> CQTest -> LevelEditor -> ActionableMessage -> UnrealEd -> UniversalObjectLocatorEditor -> Sequencer -> MovieSceneCaptureDialog -> MovieSceneTools -> KismetCompiler -> Kismet -> BlueprintEditorLibrary -> BlueprintGraph -> AssetTools -> Landscape -> MeshBuilder -> MeshBoneReduction -> AnimationBlueprintLibrary -> AnimGraph -> GraphEditor -> Persona -> AudioEditor -> DetailCustomizations -> AdvancedWidgets -> UMG (allowed via UnrealEd -> UniversalObjectLocatorEditor, Sequencer -> UniversalObjectLocatorEditor, Kismet -> KismetCompiler, AssetTools -> Landscape, AnimGraph -> GraphEditor, GraphEditor -> Persona, AudioEditor -> DetailCustomizations)
Allowed circular dependency for 'Source\Editor\UMGEditor\UMGEditor.Build.cs' detected:
* UMGEditor -> Blutility -> UMGEditor (allowed via UMGEditor -> Blutility)
* UMGEditor -> GraphEditor -> Persona -> AudioEditor -> UMGEditor (allowed via GraphEditor -> Persona)
* UMGEditor -> AssetTools -> Landscape -> MeshUtilities -> Persona -> AudioEditor -> UMGEditor (allowed via AssetTools -> Landscape, Landscape -> MeshUtilities)
* UMGEditor -> DetailCustomizations -> Landscape -> MeshUtilities -> Persona -> AudioEditor -> UMGEditor (allowed via Landscape -> MeshUtilities)
* UMGEditor -> Engine -> Landscape -> MeshUtilities -> Persona -> AudioEditor -> UMGEditor (allowed via Engine -> Landscape, Landscape -> MeshUtilities)
* UMGEditor -> UnrealEd -> FoliageEdit -> Landscape -> MeshUtilities -> Persona -> AudioEditor -> UMGEditor (allowed via UnrealEd -> FoliageEdit, Landscape -> MeshUtilities)
* UMGEditor -> MovieSceneTools -> MaterialEditor -> Landscape -> MeshUtilities -> Persona -> AudioEditor -> UMGEditor (allowed via Landscape -> MeshUtilities)
* UMGEditor -> PropertyEditor -> CQTest -> LevelEditor -> HierarchicalLODOutliner -> HierarchicalLODUtilities -> MaterialUtilities -> Landscape -> MeshUtilities -> Persona -> AudioEditor -> UMGEditor (allowed via MaterialUtilities -> Landscape, Landscape -> MeshUtilities)
* UMGEditor -> Sequencer -> ViewportInteraction -> LevelEditor -> HierarchicalLODOutliner -> HierarchicalLODUtilities -> MaterialUtilities -> Landscape -> MeshUtilities -> Persona -> AudioEditor -> UMGEditor (allowed via Sequencer -> ViewportInteraction, MaterialUtilities -> Landscape, Landscape -> MeshUtilities)
* UMGEditor -> KismetCompiler -> AnimGraph -> AnimationEditMode -> EditorInteractiveToolsFramework -> LevelEditor -> HierarchicalLODOutliner -> HierarchicalLODUtilities -> MaterialUtilities -> Landscape -> MeshUtilities -> Persona -> AudioEditor -> UMGEditor (allowed via AnimGraph -> KismetCompiler, MaterialUtilities -> Landscape, Landscape -> MeshUtilities)
* UMGEditor -> MovieSceneTracks -> AnimationBlueprintLibrary -> AnimGraph -> AnimationEditMode -> EditorInteractiveToolsFramework -> LevelEditor -> HierarchicalLODOutliner -> HierarchicalLODUtilities -> MaterialUtilities -> Landscape -> MeshUtilities -> Persona -> AudioEditor -> UMGEditor (allowed via MaterialUtilities -> Landscape, Landscape -> MeshUtilities)
* UMGEditor -> Kismet -> BlueprintEditorLibrary -> AnimGraph -> AnimationEditMode -> EditorInteractiveToolsFramework -> LevelEditor -> HierarchicalLODOutliner -> HierarchicalLODUtilities -> MaterialUtilities -> Landscape -> MeshUtilities -> Persona -> AudioEditor -> UMGEditor (allowed via Kismet -> UMGEditor, MaterialUtilities -> Landscape, Landscape -> MeshUtilities)
Allowed circular dependency for 'Source\Developer\UncontrolledChangelists\UncontrolledChangelists.Build.cs' detected:
* UncontrolledChangelists -> PackagesDialog -> UnrealEd -> FoliageEdit -> DetailCustomizations -> Kismet -> BlueprintEditorLibrary -> BlueprintGraph -> AssetTools -> Landscape -> MeshBuilder -> MeshBoneReduction -> AnimationBlueprintLibrary -> AnimGraph -> GraphEditor -> Persona -> AudioEditor -> LevelEditor -> UncontrolledChangelists (allowed via UnrealEd -> FoliageEdit, AssetTools -> Landscape, AnimGraph -> GraphEditor, GraphEditor -> Persona)
* UncontrolledChangelists -> SourceControl -> UnrealEd -> FoliageEdit -> DetailCustomizations -> Kismet -> BlueprintEditorLibrary -> BlueprintGraph -> AssetTools -> Landscape -> MeshBuilder -> MeshBoneReduction -> AnimationBlueprintLibrary -> AnimGraph -> GraphEditor -> Persona -> AudioEditor -> LevelEditor -> UncontrolledChangelists (allowed via SourceControl -> UnrealEd, UnrealEd -> FoliageEdit, AssetTools -> Landscape, AnimGraph -> GraphEditor, GraphEditor -> Persona)
* UncontrolledChangelists -> Engine -> MaterialUtilities -> MaterialBaking -> MainFrame -> UATHelper -> GameProjectGeneration -> ClassViewer -> PropertyEditor -> ActorPickerMode -> UnrealEd -> FoliageEdit -> DetailCustomizations -> Kismet -> BlueprintEditorLibrary -> BlueprintGraph -> AssetTools -> Landscape -> MeshBuilder -> MeshBoneReduction -> AnimationBlueprintLibrary -> AnimGraph -> GraphEditor -> Persona -> AudioEditor -> LevelEditor -> UncontrolledChangelists (allowed via Engine -> MaterialUtilities, UnrealEd -> FoliageEdit, AssetTools -> Landscape, AnimGraph -> GraphEditor, GraphEditor -> Persona)
Allowed circular dependency for 'Source\Editor\UndoHistoryEditor\UndoHistoryEditor.Build.cs' detected:
* UndoHistoryEditor -> UnrealEd -> AudioEditor -> UMGEditor -> Blutility -> Kismet -> BlueprintEditorLibrary -> BlueprintGraph -> AssetTools -> Landscape -> MeshBuilder -> MeshBoneReduction -> AnimationBlueprintLibrary -> AnimGraph -> GraphEditor -> Persona -> AnimationModifiers -> MainFrame -> UndoHistoryEditor (allowed via UnrealEd -> AudioEditor, UMGEditor -> Blutility, AssetTools -> Landscape, AnimGraph -> GraphEditor, GraphEditor -> Persona)
Allowed circular dependency for 'Source\Editor\UniversalObjectLocatorEditor\UniversalObjectLocatorEditor.Build.cs' detected:
* UniversalObjectLocatorEditor -> Sequencer -> UniversalObjectLocatorEditor (allowed via Sequencer -> UniversalObjectLocatorEditor)
* UniversalObjectLocatorEditor -> UnrealEd -> UniversalObjectLocatorEditor (allowed via UnrealEd -> UniversalObjectLocatorEditor)
Allowed circular dependency for 'Source\Editor\UnrealEd\UnrealEd.Build.cs' detected:
* UnrealEd -> AddContentDialog -> UnrealEd (allowed via UnrealEd -> AddContentDialog)
* UnrealEd -> AnimGraph -> UnrealEd (allowed via AnimGraph -> UnrealEd)
* UnrealEd -> AnimationBlueprintLibrary -> UnrealEd (allowed via UnrealEd -> AnimationBlueprintLibrary)
* UnrealEd -> AssetTools -> UnrealEd (allowed via AssetTools -> UnrealEd)
* UnrealEd -> AutomationController -> UnrealEd (allowed via UnrealEd -> AutomationController)
* UnrealEd -> BlueprintGraph -> UnrealEd (allowed via BlueprintGraph -> UnrealEd)
* UnrealEd -> ClothingSystemEditor -> UnrealEd (allowed via UnrealEd -> ClothingSystemEditor)
* UnrealEd -> CommonMenuExtensions -> UnrealEd (allowed via UnrealEd -> CommonMenuExtensions)
* UnrealEd -> CurveEditor -> UnrealEd (allowed via UnrealEd -> CurveEditor)
* UnrealEd -> GameplayTasks -> UnrealEd (allowed via GameplayTasks -> UnrealEd)
* UnrealEd -> HierarchicalLODUtilities -> UnrealEd (allowed via UnrealEd -> HierarchicalLODUtilities)
* UnrealEd -> LocalizationService -> UnrealEd (allowed via UnrealEd -> LocalizationService)
* UnrealEd -> MaterialUtilities -> UnrealEd (allowed via UnrealEd -> MaterialUtilities)
* UnrealEd -> PIEPreviewDeviceProfileSelector -> UnrealEd (allowed via PIEPreviewDeviceProfileSelector -> UnrealEd)
* UnrealEd -> PixelInspectorModule -> UnrealEd (allowed via PixelInspectorModule -> UnrealEd)
* UnrealEd -> SourceControl -> UnrealEd (allowed via SourceControl -> UnrealEd)
* UnrealEd -> StatsViewer -> UnrealEd (allowed via UnrealEd -> StatsViewer)
* UnrealEd -> SubobjectDataInterface -> UnrealEd (allowed via UnrealEd -> SubobjectDataInterface)
* UnrealEd -> ToolMenusEditor -> UnrealEd (allowed via UnrealEd -> ToolMenusEditor)
* UnrealEd -> ViewportInteraction -> UnrealEd (allowed via UnrealEd -> ViewportInteraction)
* UnrealEd -> FunctionalTesting -> AIModule -> UnrealEd (allowed via FunctionalTesting -> UnrealEd)
* UnrealEd -> Landscape -> ActionableMessage -> UnrealEd (allowed via Landscape -> UnrealEd)
* UnrealEd -> LevelEditor -> ActionableMessage -> UnrealEd (allowed via UnrealEd -> LevelEditor)
* UnrealEd -> LevelSequence -> ActorPickerMode -> UnrealEd (allowed via UnrealEd -> LevelSequence)
* UnrealEd -> PropertyEditor -> ActorPickerMode -> UnrealEd (allowed via UnrealEd -> PropertyEditor)
* UnrealEd -> MaterialEditor -> AdvancedPreviewScene -> UnrealEd (allowed via UnrealEd -> MaterialEditor)
* UnrealEd -> GameProjectGeneration -> ClassViewer -> UnrealEd (allowed via UnrealEd -> GameProjectGeneration)
* UnrealEd -> Documentation -> ContentBrowser -> UnrealEd (allowed via UnrealEd -> Documentation, Documentation -> ContentBrowser)
* UnrealEd -> EditorInteractiveToolsFramework -> ContentBrowser -> UnrealEd (allowed via UnrealEd -> EditorInteractiveToolsFramework)
* UnrealEd -> DataLayerEditor -> ContentBrowserData -> UnrealEd (allowed via UnrealEd -> DataLayerEditor)
* UnrealEd -> VirtualizationEditor -> ContentBrowserData -> UnrealEd (allowed via UnrealEd -> VirtualizationEditor)
* UnrealEd -> EditorWidgets -> EditorConfig -> UnrealEd (allowed via UnrealEd -> EditorWidgets)
* UnrealEd -> WidgetRegistration -> EditorConfig -> UnrealEd (allowed via UnrealEd -> WidgetRegistration)
* UnrealEd -> StatusBar -> EditorStyle -> UnrealEd (allowed via UnrealEd -> StatusBar)
* UnrealEd -> UATHelper -> OutputLog -> UnrealEd (allowed via UnrealEd -> UATHelper)
* UnrealEd -> UncontrolledChangelists -> PackagesDialog -> UnrealEd (allowed via UnrealEd -> UncontrolledChangelists)
* UnrealEd -> SubobjectEditor -> KismetWidgets -> ClassViewer -> UnrealEd (allowed via UnrealEd -> SubobjectEditor)
* UnrealEd -> AudioEditor -> DetailCustomizations -> ComponentVisualizers -> AIModule -> UnrealEd (allowed via UnrealEd -> AudioEditor, AudioEditor -> DetailCustomizations)
* UnrealEd -> FoliageEdit -> DetailCustomizations -> ComponentVisualizers -> AIModule -> UnrealEd (allowed via UnrealEd -> FoliageEdit)
* UnrealEd -> Engine -> CollisionAnalyzer -> WorkspaceMenuStructure -> EditorStyle -> UnrealEd (allowed via Engine -> UnrealEd)
* UnrealEd -> Kismet -> UMGEditor -> DetailCustomizations -> ComponentVisualizers -> AIModule -> UnrealEd (allowed via UnrealEd -> Kismet, Kismet -> UMGEditor)
* UnrealEd -> UniversalObjectLocatorEditor -> Sequencer -> MovieSceneCaptureDialog -> MovieSceneTools -> ActorPickerMode -> UnrealEd (allowed via UnrealEd -> UniversalObjectLocatorEditor, Sequencer -> UniversalObjectLocatorEditor)
* UnrealEd -> VREditor -> Sequencer -> MovieSceneCaptureDialog -> MovieSceneTools -> ActorPickerMode -> UnrealEd (allowed via UnrealEd -> VREditor, Sequencer -> MovieSceneCaptureDialog)
* UnrealEd -> NavigationSystem -> GeometryCollectionEngine -> FieldSystemEngine -> ChaosSolverEngine -> DataflowSimulation -> UnrealEd (allowed via NavigationSystem -> UnrealEd)
* UnrealEd -> MaterialBaking -> MainFrame -> DeviceProfileEditor -> WorkspaceMenuStructure -> EditorStyle -> UnrealEd (allowed via UnrealEd -> MaterialBaking)
* UnrealEd -> MeshPaint -> MainFrame -> DeviceProfileEditor -> WorkspaceMenuStructure -> EditorStyle -> UnrealEd (allowed via UnrealEd -> MeshPaint)
* UnrealEd -> GraphEditor -> Persona -> Sequencer -> MovieSceneCaptureDialog -> MovieSceneTools -> ActorPickerMode -> UnrealEd (allowed via UnrealEd -> GraphEditor, GraphEditor -> Persona, Sequencer -> MovieSceneCaptureDialog)
* UnrealEd -> MovieSceneTracks -> AnimGraphRuntime -> GeometryCollectionEngine -> FieldSystemEngine -> ChaosSolverEngine -> DataflowSimulation -> UnrealEd (allowed via UnrealEd -> MovieSceneTracks)
* UnrealEd -> MeshBuilder -> MeshUtilities -> Persona -> Sequencer -> MovieSceneCaptureDialog -> MovieSceneTools -> ActorPickerMode -> UnrealEd (allowed via UnrealEd -> MeshBuilder, Sequencer -> MovieSceneCaptureDialog)
Allowed circular dependency for 'Source\Developer\UnsavedAssetsTracker\Source\UnsavedAssetsTracker.Build.cs' detected:
* UnsavedAssetsTracker -> Engine -> Kismet -> BlueprintEditorLibrary -> BlueprintGraph -> AssetTools -> Landscape -> MeshBuilder -> MeshBoneReduction -> AnimationBlueprintLibrary -> AnimGraph -> GraphEditor -> Persona -> AudioEditor -> LevelEditor -> UnsavedAssetsTracker (allowed via Engine -> Kismet, AssetTools -> Landscape, AnimGraph -> GraphEditor, GraphEditor -> Persona)
* UnsavedAssetsTracker -> UnrealEd -> FoliageEdit -> DetailCustomizations -> Kismet -> BlueprintEditorLibrary -> BlueprintGraph -> AssetTools -> Landscape -> MeshBuilder -> MeshBoneReduction -> AnimationBlueprintLibrary -> AnimGraph -> GraphEditor -> Persona -> AudioEditor -> LevelEditor -> UnsavedAssetsTracker (allowed via UnrealEd -> FoliageEdit, AssetTools -> Landscape, AnimGraph -> GraphEditor, GraphEditor -> Persona)
Allowed circular dependency for 'Source\Editor\VREditor\VREditor.Build.cs' detected:
* VREditor -> UnrealEd -> VREditor (allowed via UnrealEd -> VREditor)
Allowed circular dependency for 'Source\Editor\ViewportInteraction\ViewportInteraction.Build.cs' detected:
* ViewportInteraction -> Engine -> Kismet -> BlueprintEditorLibrary -> BlueprintGraph -> AssetTools -> Landscape -> MeshBuilder -> MeshBoneReduction -> AnimationBlueprintLibrary -> AnimGraph -> GraphEditor -> Persona -> AudioEditor -> DetailCustomizations -> ComponentVisualizers -> ViewportInteraction (allowed via Engine -> Kismet, AssetTools -> Landscape, AnimGraph -> GraphEditor, GraphEditor -> Persona, AudioEditor -> DetailCustomizations)
* ViewportInteraction -> LevelEditor -> SubobjectEditor -> Kismet -> BlueprintEditorLibrary -> BlueprintGraph -> AssetTools -> Landscape -> MeshBuilder -> MeshBoneReduction -> AnimationBlueprintLibrary -> AnimGraph -> GraphEditor -> Persona -> AudioEditor -> DetailCustomizations -> ComponentVisualizers -> ViewportInteraction (allowed via Kismet -> SubobjectEditor, AssetTools -> Landscape, AnimGraph -> GraphEditor, GraphEditor -> Persona, AudioEditor -> DetailCustomizations)
* ViewportInteraction -> UnrealEd -> UniversalObjectLocatorEditor -> Sequencer -> MovieSceneCaptureDialog -> MovieSceneTools -> KismetCompiler -> Kismet -> BlueprintEditorLibrary -> BlueprintGraph -> AssetTools -> Landscape -> MeshBuilder -> MeshBoneReduction -> AnimationBlueprintLibrary -> AnimGraph -> GraphEditor -> Persona -> AudioEditor -> DetailCustomizations -> ComponentVisualizers -> ViewportInteraction (allowed via UnrealEd -> ViewportInteraction, Sequencer -> UniversalObjectLocatorEditor, Kismet -> KismetCompiler, AssetTools -> Landscape, AnimGraph -> GraphEditor, GraphEditor -> Persona, AudioEditor -> DetailCustomizations)
Allowed circular dependency for 'Source\Editor\VirtualTexturingEditor\VirtualTexturingEditor.Build.cs' detected:
* VirtualTexturingEditor -> Landscape -> MeshBuilder -> MeshBoneReduction -> AnimationBlueprintLibrary -> AnimGraph -> GraphEditor -> Persona -> AudioEditor -> DetailCustomizations -> VirtualTexturingEditor (allowed via AnimGraph -> GraphEditor, GraphEditor -> Persona, AudioEditor -> DetailCustomizations)
* VirtualTexturingEditor -> UnrealEd -> MeshBuilder -> MeshBoneReduction -> AnimationBlueprintLibrary -> AnimGraph -> GraphEditor -> Persona -> AudioEditor -> DetailCustomizations -> VirtualTexturingEditor (allowed via UnrealEd -> MeshBuilder, AnimGraph -> GraphEditor, GraphEditor -> Persona, AudioEditor -> DetailCustomizations)
* VirtualTexturingEditor -> ContentBrowser -> AssetTools -> Kismet -> UMGEditor -> Sequencer -> MovieSceneCaptureDialog -> MovieSceneTools -> AnimationBlueprintLibrary -> AnimGraph -> GraphEditor -> Persona -> AudioEditor -> DetailCustomizations -> VirtualTexturingEditor (allowed via AssetTools -> Kismet, Kismet -> UMGEditor, Sequencer -> MovieSceneCaptureDialog, AnimGraph -> GraphEditor, GraphEditor -> Persona, AudioEditor -> DetailCustomizations)
* VirtualTexturingEditor -> PlacementMode -> LevelEditor -> KismetWidgets -> BlueprintGraph -> AssetTools -> Kismet -> UMGEditor -> Sequencer -> MovieSceneCaptureDialog -> MovieSceneTools -> AnimationBlueprintLibrary -> AnimGraph -> GraphEditor -> Persona -> AudioEditor -> DetailCustomizations -> VirtualTexturingEditor (allowed via KismetWidgets -> BlueprintGraph, AssetTools -> Kismet, Kismet -> UMGEditor, Sequencer -> MovieSceneCaptureDialog, AnimGraph -> GraphEditor, GraphEditor -> Persona, AudioEditor -> DetailCustomizations)
* VirtualTexturingEditor -> Engine -> CinematicCamera -> MovieSceneTracks -> BlueprintGraph -> AssetTools -> Kismet -> UMGEditor -> Sequencer -> MovieSceneCaptureDialog -> MovieSceneTools -> AnimationBlueprintLibrary -> AnimGraph -> GraphEditor -> Persona -> AudioEditor -> DetailCustomizations -> VirtualTexturingEditor (allowed via Engine -> CinematicCamera, AssetTools -> Kismet, Kismet -> UMGEditor, Sequencer -> MovieSceneCaptureDialog, AnimGraph -> GraphEditor, GraphEditor -> Persona, AudioEditor -> DetailCustomizations)
* VirtualTexturingEditor -> PropertyEditor -> CQTest -> LevelEditor -> KismetWidgets -> BlueprintGraph -> AssetTools -> Kismet -> UMGEditor -> Sequencer -> MovieSceneCaptureDialog -> MovieSceneTools -> AnimationBlueprintLibrary -> AnimGraph -> GraphEditor -> Persona -> AudioEditor -> DetailCustomizations -> VirtualTexturingEditor (allowed via KismetWidgets -> BlueprintGraph, AssetTools -> Kismet, Kismet -> UMGEditor, Sequencer -> MovieSceneCaptureDialog, AnimGraph -> GraphEditor, GraphEditor -> Persona, AudioEditor -> DetailCustomizations)
* VirtualTexturingEditor -> MaterialEditor -> MaterialUtilities -> MaterialBaking -> MainFrame -> UATHelper -> GameProjectGeneration -> AssetTools -> Kismet -> UMGEditor -> Sequencer -> MovieSceneCaptureDialog -> MovieSceneTools -> AnimationBlueprintLibrary -> AnimGraph -> GraphEditor -> Persona -> AudioEditor -> DetailCustomizations -> VirtualTexturingEditor (allowed via AssetTools -> Kismet, Kismet -> UMGEditor, Sequencer -> MovieSceneCaptureDialog, AnimGraph -> GraphEditor, GraphEditor -> Persona, AudioEditor -> DetailCustomizations)
Allowed circular dependency for 'Source\Developer\Virtualization\Virtualization.Build.cs' detected:
* Virtualization -> SourceControl -> EditorFramework -> Engine -> Kismet -> BlueprintEditorLibrary -> BlueprintGraph -> AssetTools -> Landscape -> MeshBuilder -> MeshBoneReduction -> AnimationBlueprintLibrary -> AnimGraph -> GraphEditor -> Persona -> AudioEditor -> DetailCustomizations -> ComponentVisualizers -> AIModule -> UnrealEd -> VirtualizationEditor -> Virtualization (allowed via Engine -> Kismet, AssetTools -> Landscape, AnimGraph -> GraphEditor, GraphEditor -> Persona, AudioEditor -> DetailCustomizations, UnrealEd -> VirtualizationEditor)
Allowed circular dependency for 'Source\Editor\VirtualizationEditor\VirtualizationEditor.Build.cs' detected:
* VirtualizationEditor -> UnrealEd -> VirtualizationEditor (allowed via UnrealEd -> VirtualizationEditor)
Allowed circular dependency for 'Source\Developer\WidgetRegistration\WidgetRegistration.Build.cs' detected:
* WidgetRegistration -> Engine -> Kismet -> BlueprintEditorLibrary -> BlueprintGraph -> AssetTools -> Landscape -> MeshBuilder -> MeshBoneReduction -> AnimationBlueprintLibrary -> AnimGraph -> GraphEditor -> Persona -> AudioEditor -> DetailCustomizations -> VirtualTexturingEditor -> PlacementMode -> WidgetRegistration (allowed via Engine -> Kismet, AssetTools -> Landscape, AnimGraph -> GraphEditor, GraphEditor -> Persona, AudioEditor -> DetailCustomizations)
* WidgetRegistration -> EditorConfig -> UnrealEd -> UniversalObjectLocatorEditor -> Sequencer -> MovieSceneCaptureDialog -> MovieSceneTools -> KismetCompiler -> Kismet -> BlueprintEditorLibrary -> BlueprintGraph -> AssetTools -> Landscape -> MeshBuilder -> MeshBoneReduction -> AnimationBlueprintLibrary -> AnimGraph -> GraphEditor -> Persona -> AudioEditor -> DetailCustomizations -> VirtualTexturingEditor -> PlacementMode -> WidgetRegistration (allowed via UnrealEd -> UniversalObjectLocatorEditor, Sequencer -> UniversalObjectLocatorEditor, Kismet -> KismetCompiler, AssetTools -> Landscape, AnimGraph -> GraphEditor, GraphEditor -> Persona, AudioEditor -> DetailCustomizations)
Allowed circular dependency for 'Source\Runtime\AudioDeviceEnumeration\Windows\WindowsMMDeviceEnumeration\WindowsMMDeviceEnumeration.Build.cs' detected:
* WindowsMMDeviceEnumeration -> Engine -> Kismet -> BlueprintEditorLibrary -> BlueprintGraph -> AssetTools -> Landscape -> MeshBuilder -> MeshBoneReduction -> AnimationBlueprintLibrary -> AnimGraph -> GraphEditor -> Persona -> AudioEditor -> DetailCustomizations -> ComponentVisualizers -> AIModule -> UnrealEd -> AudioMixerXAudio2 -> WindowsMMDeviceEnumeration (allowed via Engine -> Kismet, AssetTools -> Landscape, AnimGraph -> GraphEditor, GraphEditor -> Persona, AudioEditor -> DetailCustomizations)
Allowed circular dependency for 'Source\Runtime\Windows\WindowsPlatformFeatures\WindowsPlatformFeatures.Build.cs' detected:
* WindowsPlatformFeatures -> Engine -> Kismet -> BlueprintEditorLibrary -> BlueprintGraph -> AssetTools -> Landscape -> MeshBuilder -> MeshBoneReduction -> AnimationBlueprintLibrary -> AnimGraph -> GraphEditor -> Persona -> AudioEditor -> DetailCustomizations -> ComponentVisualizers -> AIModule -> UnrealEd -> WindowsPlatformFeatures (allowed via Engine -> Kismet, AssetTools -> Landscape, AnimGraph -> GraphEditor, GraphEditor -> Persona, AudioEditor -> DetailCustomizations)
* WindowsPlatformFeatures -> AudioMixer -> HeadMountedDisplay -> Renderer -> MaterialShaderQualitySettings -> PropertyEditor -> CQTest -> LevelEditor -> SubobjectEditor -> Kismet -> BlueprintEditorLibrary -> BlueprintGraph -> AssetTools -> Landscape -> MeshBuilder -> MeshBoneReduction -> AnimationBlueprintLibrary -> AnimGraph -> GraphEditor -> Persona -> AudioEditor -> DetailCustomizations -> ComponentVisualizers -> AIModule -> UnrealEd -> WindowsPlatformFeatures (allowed via Kismet -> SubobjectEditor, AssetTools -> Landscape, AnimGraph -> GraphEditor, GraphEditor -> Persona, AudioEditor -> DetailCustomizations)
* WindowsPlatformFeatures -> AVEncoder -> D3D11RHI -> HeadMountedDisplay -> Renderer -> MaterialShaderQualitySettings -> PropertyEditor -> CQTest -> LevelEditor -> SubobjectEditor -> Kismet -> BlueprintEditorLibrary -> BlueprintGraph -> AssetTools -> Landscape -> MeshBuilder -> MeshBoneReduction -> AnimationBlueprintLibrary -> AnimGraph -> GraphEditor -> Persona -> AudioEditor -> DetailCustomizations -> ComponentVisualizers -> AIModule -> UnrealEd -> WindowsPlatformFeatures (allowed via Kismet -> SubobjectEditor, AssetTools -> Landscape, AnimGraph -> GraphEditor, GraphEditor -> Persona, AudioEditor -> DetailCustomizations)
* WindowsPlatformFeatures -> GameplayMediaEncoder -> D3D11RHI -> HeadMountedDisplay -> Renderer -> MaterialShaderQualitySettings -> PropertyEditor -> CQTest -> LevelEditor -> SubobjectEditor -> Kismet -> BlueprintEditorLibrary -> BlueprintGraph -> AssetTools -> Landscape -> MeshBuilder -> MeshBoneReduction -> AnimationBlueprintLibrary -> AnimGraph -> GraphEditor -> Persona -> AudioEditor -> DetailCustomizations -> ComponentVisualizers -> AIModule -> UnrealEd -> WindowsPlatformFeatures (allowed via Kismet -> SubobjectEditor, AssetTools -> Landscape, AnimGraph -> GraphEditor, GraphEditor -> Persona, AudioEditor -> DetailCustomizations)
Allowed circular dependency for 'Source\Editor\WorkspaceMenuStructure\WorkspaceMenuStructure.Build.cs' detected:
* WorkspaceMenuStructure -> EditorStyle -> UnrealEd -> FoliageEdit -> DetailCustomizations -> Kismet -> BlueprintEditorLibrary -> BlueprintGraph -> AssetTools -> Landscape -> MeshBuilder -> MeshBoneReduction -> AnimationBlueprintLibrary -> AnimGraph -> GraphEditor -> Persona -> AudioEditor -> UMGEditor -> Blutility -> WorkspaceMenuStructure (allowed via UnrealEd -> FoliageEdit, AssetTools -> Landscape, AnimGraph -> GraphEditor, GraphEditor -> Persona, UMGEditor -> Blutility)
Allowed circular dependency for 'Source\Editor\ZenEditor\ZenEditor.Build.cs' detected:
* ZenEditor -> OutputLog -> StatusBar -> SourceControlWindows -> AssetTools -> Landscape -> MeshBuilder -> MeshBoneReduction -> AnimationBlueprintLibrary -> AnimGraph -> GraphEditor -> Persona -> AudioEditor -> LevelEditor -> ZenEditor (allowed via AssetTools -> Landscape, AnimGraph -> GraphEditor, GraphEditor -> Persona)
* ZenEditor -> Engine -> Kismet -> BlueprintEditorLibrary -> BlueprintGraph -> AssetTools -> Landscape -> MeshBuilder -> MeshBoneReduction -> AnimationBlueprintLibrary -> AnimGraph -> GraphEditor -> Persona -> AudioEditor -> LevelEditor -> ZenEditor (allowed via Engine -> Kismet, AssetTools -> Landscape, AnimGraph -> GraphEditor, GraphEditor -> Persona)
* ZenEditor -> UnrealEd -> FoliageEdit -> DetailCustomizations -> Kismet -> BlueprintEditorLibrary -> BlueprintGraph -> AssetTools -> Landscape -> MeshBuilder -> MeshBoneReduction -> AnimationBlueprintLibrary -> AnimGraph -> GraphEditor -> Persona -> AudioEditor -> LevelEditor -> ZenEditor (allowed via UnrealEd -> FoliageEdit, AssetTools -> Landscape, AnimGraph -> GraphEditor, GraphEditor -> Persona)
* ZenEditor -> UATHelper -> GameProjectGeneration -> ClassViewer -> PropertyEditor -> Documentation -> ContentBrowser -> AssetTools -> Landscape -> MeshBuilder -> MeshBoneReduction -> AnimationBlueprintLibrary -> AnimGraph -> GraphEditor -> Persona -> AudioEditor -> LevelEditor -> ZenEditor (allowed via Documentation -> ContentBrowser, AssetTools -> Landscape, AnimGraph -> GraphEditor, GraphEditor -> Persona)
Compiler: C:\Program Files\Microsoft Visual Studio\2022\Community\VC\Tools\MSVC\14.44.35207\bin\Hostx64\x64\cl.exe
Linker: C:\Program Files\Microsoft Visual Studio\2022\Community\VC\Tools\MSVC\14.44.35207\bin\Hostx64\x64\link.exe
Library Manager: C:\Program Files\Microsoft Visual Studio\2022\Community\VC\Tools\MSVC\14.44.35207\bin\Hostx64\x64\link.exe
Resource Compiler: C:\Program Files (x86)\Windows Kits\10\bin\10.0.22621.0\x64\rc.exe
Using EngineIncludeOrderVersion.Unreal5_6 for target PBRTextureLabHostEditor.Target.cs
UnrealHeaderTool needs to run because no generated code directory was found for module PBRTextureLabEditor
Parsing headers for PBRTextureLabHostEditor
  Running Internal UnrealHeaderTool C:\Users\Administrator\Desktop\Plughins\PBRTextureLabHost\PBRTextureLabHost.uproject C:\Users\Administrator\Desktop\Plughins\PBRTextureLabHost\Intermediate\Build\Win64\PBRTextureLabHostEditor\Development\PBRTextureLabHostEditor.uhtmanifest -WarningsAsErrors -installed
Reading engine version from file: C:\Program Files\Epic Games\UE_5.6\Engine\Source\Runtime\Launch\Resources\Version.h
Got engine version 5.6.1
Step - Exports
       Exporter Stats skipped
       Exporter Json skipped
       Running exporter CodeGen
Total of 4 written
Reflection code generated for PBRTextureLabHostEditor in 1.0045137 seconds
Found 5 shared PCH headers (listed in order of preference):
	UnrealEd
	Engine
	Slate
	CoreUObject
	Core
VerseVMBytecodeGenerator.Generate, generating CPP headers in: 'C:\Program Files\Epic Games\UE_5.6\Engine\Intermediate\Build\Win64\UnrealEditor\Inc\CoreUObject\VerseVMBytecode'
	Writing out generated header file. Changed:False Path:'C:\Program Files\Epic Games\UE_5.6\Engine\Intermediate\Build\Win64\UnrealEditor\Inc\CoreUObject\VerseVMBytecode\VVMBytecodeOps.gen.h'
	Writing out generated header file. Changed:False Path:'C:\Program Files\Epic Games\UE_5.6\Engine\Intermediate\Build\Win64\UnrealEditor\Inc\CoreUObject\VerseVMBytecode\VVMBytecodesAndCaptures.gen.h'
	Writing out generated header file. Changed:False Path:'C:\Program Files\Epic Games\UE_5.6\Engine\Intermediate\Build\Win64\UnrealEditor\Inc\CoreUObject\VerseVMBytecode\VVMMakeCapturesFuncs.gen.h'
	Writing out generated header file. Changed:False Path:'C:\Program Files\Epic Games\UE_5.6\Engine\Intermediate\Build\Win64\UnrealEditor\Inc\CoreUObject\VerseVMBytecode\VVMCaptureSwitch.gen.h'
Compile module: PBRTextureLabHost
     Linking: UnrealEditor-PBRTextureLabHost.lib
     Command: /LIB @"C:/Users/Administrator/Desktop/Plughins/PBRTextureLabHost/Intermediate/Build/Win64/x64/UnrealEditor/Development/PBRTextureLabHost/UnrealEditor-PBRTextureLabHost.lib.rsp"
     Linking: UnrealEditor-PBRTextureLabHost.dll
     Command: @"C:/Users/Administrator/Desktop/Plughins/PBRTextureLabHost/Intermediate/Build/Win64/x64/UnrealEditor/Development/PBRTextureLabHost/UnrealEditor-PBRTextureLabHost.dll.rsp"
Compile module: PBRTextureLabEditor
     Linking: UnrealEditor-PBRTextureLabEditor.lib
     Command: /LIB @"C:/Users/Administrator/Desktop/Plughins/PBRTextureLabHost/Plugins/PBRTextureLab/Intermediate/Build/Win64/x64/UnrealEditor/Development/PBRTextureLabEditor/UnrealEditor-PBRTextureLabEditor.lib.rsp"
     Linking: UnrealEditor-PBRTextureLabEditor.dll
     Command: @"C:/Users/Administrator/Desktop/Plughins/PBRTextureLabHost/Plugins/PBRTextureLab/Intermediate/Build/Win64/x64/UnrealEditor/Development/PBRTextureLabEditor/UnrealEditor-PBRTextureLabEditor.dll.rsp"
UnrealEditor-PBRTextureLabEditor.dll: Produced item "C:\Users\Administrator\Desktop\Plughins\PBRTextureLabHost\Plugins\PBRTextureLab\Binaries\Win64\UnrealEditor-PBRTextureLabEditor.dll" was produced by outdated attributes.
PBRTextureLabCommandTests.cpp: Produced item "C:\Users\Administrator\Desktop\Plughins\PBRTextureLabHost\Plugins\PBRTextureLab\Intermediate\Build\Win64\x64\UnrealEditor\Development\PBRTextureLabEditor\PBRTextureLabCommandTests.cpp.obj" doesn't exist.
PBRTextureLabCommand.cpp: Produced item "C:\Users\Administrator\Desktop\Plughins\PBRTextureLabHost\Plugins\PBRTextureLab\Intermediate\Build\Win64\x64\UnrealEditor\Development\PBRTextureLabEditor\PBRTextureLabCommand.cpp.obj" doesn't exist.
PBRTextureLabUVTests.cpp: Produced item "C:\Users\Administrator\Desktop\Plughins\PBRTextureLabHost\Plugins\PBRTextureLab\Intermediate\Build\Win64\x64\UnrealEditor\Development\PBRTextureLabEditor\PBRTextureLabUVTests.cpp.obj" doesn't exist.
SharedPCH.UnrealEd.Project.ValApi.ValExpApi.Cpp20.cpp: Produced item "C:\Users\Administrator\Desktop\Plughins\PBRTextureLabHost\Intermediate\Build\Win64\x64\PBRTextureLabHostEditor\Development\UnrealEd\SharedPCH.UnrealEd.Project.ValApi.ValExpApi.Cpp20.h.obj" doesn't exist.
PBRTextureLabEditorModule.cpp: Produced item "C:\Users\Administrator\Desktop\Plughins\PBRTextureLabHost\Plugins\PBRTextureLab\Intermediate\Build\Win64\x64\UnrealEditor\Development\PBRTextureLabEditor\PBRTextureLabEditorModule.cpp.obj" doesn't exist.
SharedPCH.UnrealEd.Project.ValApi.ValExpApi.Cpp20.cpp: Produced item "C:\Users\Administrator\Desktop\Plughins\PBRTextureLabHost\Intermediate\Build\Win64\x64\PBRTextureLabHostEditor\Development\UnrealEd\SharedPCH.UnrealEd.Project.ValApi.ValExpApi.Cpp20.h.sarif" doesn't exist.
PBRTextureLabUV.cpp: Produced item "C:\Users\Administrator\Desktop\Plughins\PBRTextureLabHost\Plugins\PBRTextureLab\Intermediate\Build\Win64\x64\UnrealEditor\Development\PBRTextureLabEditor\PBRTextureLabUV.cpp.obj" doesn't exist.
Default.rc2: Produced item "C:\Users\Administrator\Desktop\Plughins\PBRTextureLabHost\Intermediate\Build\Win64\x64\UnrealEditor\Development\PBRTextureLabHost\Default.rc2.res" doesn't exist.
  New attributes: C:\Program Files\Microsoft Visual Studio\2022\Community\VC\Tools\MSVC\14.44.35207\bin\Hostx64\x64\link.exe @"C:/Users/Administrator/Desktop/Plughins/PBRTextureLabHost/Plugins/PBRTextureLab/Intermediate/Build/Win64/x64/UnrealEditor/Development/PBRTextureLabEditor/UnrealEditor-PBRTextureLabEditor.dll.rsp" (ver 14.44.35228)
PBRTextureLabCommands.cpp: Produced item "C:\Users\Administrator\Desktop\Plughins\PBRTextureLabHost\Plugins\PBRTextureLab\Intermediate\Build\Win64\x64\UnrealEditor\Development\PBRTextureLabEditor\PBRTextureLabCommands.cpp.obj" doesn't exist.
PBRTextureLabHostEditor.target: Prerequisite C:\Users\Administrator\Desktop\Plughins\PBRTextureLabHost\Intermediate\Build\Win64\x64\PBRTextureLabHostEditor\Development\TargetMetadata.dat is newer than the last execution of the action: 08/13/2026 16:47:51 vs 08/13/2026 16:46:49
UnrealEditor-PBRTextureLabHost.dll: Produced item "C:\Users\Administrator\Desktop\Plughins\PBRTextureLabHost\Binaries\Win64\UnrealEditor-PBRTextureLabHost.dll" was produced by outdated attributes.
UnrealEditor-PBRTextureLabEditor.lib: Produced item "C:\Users\Administrator\Desktop\Plughins\PBRTextureLabHost\Plugins\PBRTextureLab\Intermediate\Build\Win64\x64\UnrealEditor\Development\PBRTextureLabEditor\UnrealEditor-PBRTextureLabEditor.lib" doesn't exist.
UnrealEditor-PBRTextureLabHost.lib: Produced item "C:\Users\Administrator\Desktop\Plughins\PBRTextureLabHost\Intermediate\Build\Win64\x64\UnrealEditor\Development\PBRTextureLabHost\UnrealEditor-PBRTextureLabHost.lib" doesn't exist.
SharedPCH.UnrealEd.Project.ValApi.ValExpApi.Cpp20.cpp: Produced item "C:\Users\Administrator\Desktop\Plughins\PBRTextureLabHost\Intermediate\Build\Win64\x64\PBRTextureLabHostEditor\Development\UnrealEd\SharedPCH.UnrealEd.Project.ValApi.ValExpApi.Cpp20.h.dep.json" doesn't exist.
PBRTextureLabUV.cpp: Produced item "C:\Users\Administrator\Desktop\Plughins\PBRTextureLabHost\Plugins\PBRTextureLab\Intermediate\Build\Win64\x64\UnrealEditor\Development\PBRTextureLabEditor\PBRTextureLabUV.cpp.sarif" doesn't exist.
PBRTextureLabCommands.cpp: Produced item "C:\Users\Administrator\Desktop\Plughins\PBRTextureLabHost\Plugins\PBRTextureLab\Intermediate\Build\Win64\x64\UnrealEditor\Development\PBRTextureLabEditor\PBRTextureLabCommands.cpp.sarif" doesn't exist.
PBRTextureLabUV.cpp: Produced item "C:\Users\Administrator\Desktop\Plughins\PBRTextureLabHost\Plugins\PBRTextureLab\Intermediate\Build\Win64\x64\UnrealEditor\Development\PBRTextureLabEditor\PBRTextureLabUV.cpp.dep.json" doesn't exist.
PBRTextureLabCommands.cpp: Produced item "C:\Users\Administrator\Desktop\Plughins\PBRTextureLabHost\Plugins\PBRTextureLab\Intermediate\Build\Win64\x64\UnrealEditor\Development\PBRTextureLabEditor\PBRTextureLabCommands.cpp.dep.json" doesn't exist.
Default.rc2: Produced item "C:\Users\Administrator\Desktop\Plughins\PBRTextureLabHost\Plugins\PBRTextureLab\Intermediate\Build\Win64\x64\UnrealEditor\Development\PBRTextureLabEditor\Default.rc2.res" doesn't exist.
UnrealEditor-PBRTextureLabEditor.dll: Produced item "C:\Users\Administrator\Desktop\Plughins\PBRTextureLabHost\Plugins\PBRTextureLab\Binaries\Win64\UnrealEditor-PBRTextureLabEditor.pdb" was produced by outdated attributes.
  New attributes: C:\Program Files\Microsoft Visual Studio\2022\Community\VC\Tools\MSVC\14.44.35207\bin\Hostx64\x64\link.exe @"C:/Users/Administrator/Desktop/Plughins/PBRTextureLabHost/Plugins/PBRTextureLab/Intermediate/Build/Win64/x64/UnrealEditor/Development/PBRTextureLabEditor/UnrealEditor-PBRTextureLabEditor.dll.rsp" (ver 14.44.35228)
  New attributes: C:\Program Files\Microsoft Visual Studio\2022\Community\VC\Tools\MSVC\14.44.35207\bin\Hostx64\x64\link.exe @"C:/Users/Administrator/Desktop/Plughins/PBRTextureLabHost/Intermediate/Build/Win64/x64/UnrealEditor/Development/PBRTextureLabHost/UnrealEditor-PBRTextureLabHost.dll.rsp" (ver 14.44.35228)
PerModuleInline.gen.cpp: Produced item "C:\Users\Administrator\Desktop\Plughins\PBRTextureLabHost\Intermediate\Build\Win64\x64\UnrealEditor\Development\PBRTextureLabHost\PerModuleInline.gen.cpp.obj" doesn't exist.
Module.PBRTextureLabEditor.cpp: Produced item "C:\Users\Administrator\Desktop\Plughins\PBRTextureLabHost\Plugins\PBRTextureLab\Intermediate\Build\Win64\x64\UnrealEditor\Development\PBRTextureLabEditor\Module.PBRTextureLabEditor.cpp.obj" doesn't exist.
PBRTextureLabHost.cpp: Produced item "C:\Users\Administrator\Desktop\Plughins\PBRTextureLabHost\Intermediate\Build\Win64\x64\UnrealEditor\Development\PBRTextureLabHost\PBRTextureLabHost.cpp.obj" doesn't exist.
Module.PBRTextureLabEditor.cpp: Produced item "C:\Users\Administrator\Desktop\Plughins\PBRTextureLabHost\Plugins\PBRTextureLab\Intermediate\Build\Win64\x64\UnrealEditor\Development\PBRTextureLabEditor\Module.PBRTextureLabEditor.cpp.sarif" doesn't exist.
UnrealEditor-PBRTextureLabHost.dll: Produced item "C:\Users\Administrator\Desktop\Plughins\PBRTextureLabHost\Binaries\Win64\UnrealEditor-PBRTextureLabHost.pdb" was produced by outdated attributes.
  New attributes: C:\Program Files\Microsoft Visual Studio\2022\Community\VC\Tools\MSVC\14.44.35207\bin\Hostx64\x64\link.exe @"C:/Users/Administrator/Desktop/Plughins/PBRTextureLabHost/Intermediate/Build/Win64/x64/UnrealEditor/Development/PBRTextureLabHost/UnrealEditor-PBRTextureLabHost.dll.rsp" (ver 14.44.35228)
PBRTextureLabCommandTests.cpp: Produced item "C:\Users\Administrator\Desktop\Plughins\PBRTextureLabHost\Plugins\PBRTextureLab\Intermediate\Build\Win64\x64\UnrealEditor\Development\PBRTextureLabEditor\PBRTextureLabCommandTests.cpp.sarif" doesn't exist.
PBRTextureLabCommand.cpp: Produced item "C:\Users\Administrator\Desktop\Plughins\PBRTextureLabHost\Plugins\PBRTextureLab\Intermediate\Build\Win64\x64\UnrealEditor\Development\PBRTextureLabEditor\PBRTextureLabCommand.cpp.sarif" doesn't exist.
SharedPCH.UnrealEd.Project.ValApi.ValExpApi.Cpp20.cpp: Produced item "C:\Users\Administrator\Desktop\Plughins\PBRTextureLabHost\Intermediate\Build\Win64\x64\PBRTextureLabHostEditor\Development\UnrealEd\SharedPCH.UnrealEd.Project.ValApi.ValExpApi.Cpp20.h.pch" doesn't exist.
PBRTextureLabEditorModule.cpp: Produced item "C:\Users\Administrator\Desktop\Plughins\PBRTextureLabHost\Plugins\PBRTextureLab\Intermediate\Build\Win64\x64\UnrealEditor\Development\PBRTextureLabEditor\PBRTextureLabEditorModule.cpp.sarif" doesn't exist.
PerModuleInline.gen.cpp: Produced item "C:\Users\Administrator\Desktop\Plughins\PBRTextureLabHost\Intermediate\Build\Win64\x64\UnrealEditor\Development\PBRTextureLabHost\PerModuleInline.gen.cpp.sarif" doesn't exist.
Module.PBRTextureLabEditor.cpp: Produced item "C:\Users\Administrator\Desktop\Plughins\PBRTextureLabHost\Plugins\PBRTextureLab\Intermediate\Build\Win64\x64\UnrealEditor\Development\PBRTextureLabEditor\Module.PBRTextureLabEditor.cpp.dep.json" doesn't exist.
PBRTextureLabUVTests.cpp: Produced item "C:\Users\Administrator\Desktop\Plughins\PBRTextureLabHost\Plugins\PBRTextureLab\Intermediate\Build\Win64\x64\UnrealEditor\Development\PBRTextureLabEditor\PBRTextureLabUVTests.cpp.sarif" doesn't exist.
PBRTextureLabUVTests.cpp: Produced item "C:\Users\Administrator\Desktop\Plughins\PBRTextureLabHost\Plugins\PBRTextureLab\Intermediate\Build\Win64\x64\UnrealEditor\Development\PBRTextureLabEditor\PBRTextureLabUVTests.cpp.dep.json" doesn't exist.
PBRTextureLabCommand.cpp: Produced item "C:\Users\Administrator\Desktop\Plughins\PBRTextureLabHost\Plugins\PBRTextureLab\Intermediate\Build\Win64\x64\UnrealEditor\Development\PBRTextureLabEditor\PBRTextureLabCommand.cpp.dep.json" doesn't exist.
PBRTextureLabHost.cpp: Produced item "C:\Users\Administrator\Desktop\Plughins\PBRTextureLabHost\Intermediate\Build\Win64\x64\UnrealEditor\Development\PBRTextureLabHost\PBRTextureLabHost.cpp.sarif" doesn't exist.
PBRTextureLabHost.cpp: Produced item "C:\Users\Administrator\Desktop\Plughins\PBRTextureLabHost\Intermediate\Build\Win64\x64\UnrealEditor\Development\PBRTextureLabHost\PBRTextureLabHost.cpp.dep.json" doesn't exist.
PBRTextureLabEditorModule.cpp: Produced item "C:\Users\Administrator\Desktop\Plughins\PBRTextureLabHost\Plugins\PBRTextureLab\Intermediate\Build\Win64\x64\UnrealEditor\Development\PBRTextureLabEditor\PBRTextureLabEditorModule.cpp.dep.json" doesn't exist.
PBRTextureLabCommandTests.cpp: Produced item "C:\Users\Administrator\Desktop\Plughins\PBRTextureLabHost\Plugins\PBRTextureLab\Intermediate\Build\Win64\x64\UnrealEditor\Development\PBRTextureLabEditor\PBRTextureLabCommandTests.cpp.dep.json" doesn't exist.
PerModuleInline.gen.cpp: Produced item "C:\Users\Administrator\Desktop\Plughins\PBRTextureLabHost\Intermediate\Build\Win64\x64\UnrealEditor\Development\PBRTextureLabHost\PerModuleInline.gen.cpp.dep.json" doesn't exist.
Checking for live coding mutex: Global\LiveCoding_C++Program Files+Epic Games+UE_5.6+Engine+Binaries+Win64+UnrealEditor.exe
Deleting outdated item: C:\Users\Administrator\Desktop\Plughins\PBRTextureLabHost\Binaries\Win64\UnrealEditor-PBRTextureLabHost.pdb
Deleting outdated item: C:\Users\Administrator\Desktop\Plughins\PBRTextureLabHost\Plugins\PBRTextureLab\Binaries\Win64\UnrealEditor-PBRTextureLabEditor.pdb
Building PBRTextureLabHostEditor...
Using Visual Studio 2022 14.44.35228 toolchain (C:\Program Files\Microsoft Visual Studio\2022\Community\VC\Tools\MSVC\14.44.35207) and Windows 10.0.22621.0 SDK (C:\Program Files (x86)\Windows Kits\10).
Warning: Visual Studio 2022 compiler is not a preferred version
[Adaptive Build] Excluded from PBRTextureLabEditor unity file: PBRTextureLabCommand.cpp, PBRTextureLabCommands.cpp, PBRTextureLabCommandTests.cpp, PBRTextureLabEditorModule.cpp, PBRTextureLabUV.cpp, PBRTextureLabUVTests.cpp
Determining max actions to execute in parallel (20 physical cores, 28 logical cores)
  Executing up to 20 processes, one per physical core
Using Unreal Build Accelerator local executor to run 17 action(s)
  Storage capacity 40Gb
  RootDir C:\ProgramData\Epic\UnrealBuildAccelerator
Deleting old log file: C:\Users\Administrator\AppData\Local\UnrealBuildTool\Log-backup-2026.08.13-06.54.39.uba
---- Starting trace: 260813_164751 ----
UbaSessionServer - Disable remote execution (remote sessions will finish current processes)
------ Building 17 action(s) started ------
[1/17] Resource Default.rc2
[2/17] Resource Default.rc2
[3/17] Compile [x64] SharedPCH.UnrealEd.Project.ValApi.ValExpApi.Cpp20.cpp
[4/17] Compile [x64] PerModuleInline.gen.cpp
[5/17] Compile [x64] PBRTextureLabHost.cpp
[6/17] Compile [x64] PBRTextureLabCommands.cpp
[7/17] Link [x64] UnrealEditor-PBRTextureLabHost.lib
  正在创建库 C:/Users/Administrator/Desktop/Plughins/PBRTextureLabHost/Intermediate/Build/Win64/x64/UnrealEditor/Development/PBRTextureLabHost/UnrealEditor-PBRTextureLabHost.lib 和对象 C:/Users/Administrator/Desktop/Plughins/PBRTextureLabHost/Intermediate/Build/Win64/x64/UnrealEditor/Development/PBRTextureLabHost/UnrealEditor-PBRTextureLabHost.exp
[8/17] Link [x64] UnrealEditor-PBRTextureLabHost.dll
[9/17] Compile [x64] PBRTextureLabEditorModule.cpp
[10/17] Compile [x64] PBRTextureLabUV.cpp
[11/17] Compile [x64] PBRTextureLabCommand.cpp
[12/17] Compile [x64] PBRTextureLabUVTests.cpp
[13/17] Compile [x64] PBRTextureLabCommandTests.cpp
[14/17] Compile [x64] Module.PBRTextureLabEditor.cpp
[15/17] Link [x64] UnrealEditor-PBRTextureLabEditor.lib
  正在创建库 C:/Users/Administrator/Desktop/Plughins/PBRTextureLabHost/Plugins/PBRTextureLab/Intermediate/Build/Win64/x64/UnrealEditor/Development/PBRTextureLabEditor/UnrealEditor-PBRTextureLabEditor.lib 和对象 C:/Users/Administrator/Desktop/Plughins/PBRTextureLabHost/Plugins/PBRTextureLab/Intermediate/Build/Win64/x64/UnrealEditor/Development/PBRTextureLabEditor/UnrealEditor-PBRTextureLabEditor.exp
[16/17] Link [x64] UnrealEditor-PBRTextureLabEditor.dll
[17/17] WriteMetadata PBRTextureLabHostEditor.target (UBA disabled)
Trace written to file C:/Users/Administrator/AppData/Local/UnrealBuildTool/Log.uba with size 8.0kb
Total time in Unreal Build Accelerator local executor: 29.90 seconds
WriteFileIfChanged() wrote 64 changed files of 65 requested writes.

Timeline:
[  0.000]  +0.183 Main
   0.046          [  0.046]  +0.060 Apply XmlConfig
   0.139          [  0.139]  +0.043 RegisterPlatforms
[  0.183] +33.672 BuildMode
   0.198          [  0.015]  +3.681 Creating MakeFile for PBRTextureLabHostEditor
   3.883          [  3.700]  +0.014 Preparing ActionGraph
   3.900          [  3.717] +29.906 Executing ActionGraph
  33.807          [ 33.624]  +0.000 Deploying targets
  33.807          [ 33.624]  +0.047 Saving caches
[ 33.855]  +0.000 TelemetryService.FlushEvents
[ 33.856]

Result: Succeeded
Total execution time: 33.86 seconds
